FPR,TPR,Threshold
0.0,0.0,inf
5.5800457563752025e-05,0.0,0.17540854215621948
0.00011160091512750405,0.0,0.17415013909339905
0.00011160091512750405,0.000481000481000481,0.17185458540916443
0.00016740137269125608,0.000481000481000481,0.17125016450881958
0.00016740137269125608,0.000962000962000962,0.17122021317481995
0.0010044082361475365,0.000962000962000962,0.1640918105840683
0.0010044082361475365,0.001924001924001924,0.16349264979362488
0.002343619217677585,0.001924001924001924,0.1612384170293808
0.002343619217677585,0.002886002886002886,0.1609296053647995
0.0030690251660063614,0.002886002886002886,0.15989015996456146
0.0030690251660063614,0.003367003367003367,0.1597432941198349
0.0039060320294626418,0.003367003367003367,0.15853598713874817
0.0039060320294626418,0.003848003848003848,0.15852241218090057
0.00412923385971765,0.003848003848003848,0.15828905999660492
0.00412923385971765,0.004329004329004329,0.15822285413742065
0.004575637520227666,0.004329004329004329,0.15752160549163818
0.004575637520227666,0.00481000481000481,0.1575000286102295
0.004743038892918922,0.00481000481000481,0.15742728114128113
0.004743038892918922,0.005291005291005291,0.15736360847949982
0.005022041180737682,0.005291005291005291,0.1571057140827179
0.005022041180737682,0.005772005772005772,0.15690794587135315
0.005301043468556442,0.005772005772005772,0.1566067934036255
0.005301043468556442,0.006734006734006734,0.15654313564300537
0.005691646671502707,0.006734006734006734,0.15627743303775787
0.005691646671502707,0.007215007215007215,0.15621960163116455
0.005914848501757715,0.007215007215007215,0.15604761242866516
0.005914848501757715,0.007696007696007696,0.155955508351326
0.00608224987444897,0.007696007696007696,0.15578195452690125
0.00608224987444897,0.008658008658008658,0.1557493507862091
0.006863456280341499,0.008658008658008658,0.1554415374994278
0.006863456280341499,0.00913900913900914,0.15540236234664917
0.007030857653032755,0.00913900913900914,0.15537412464618683
0.007030857653032755,0.00962000962000962,0.15524402260780334
0.007309859940851515,0.00962000962000962,0.15506330132484436
0.007309859940851515,0.010101010101010102,0.15503889322280884
0.0075888622286702755,0.010101010101010102,0.15490113198757172
0.0075888622286702755,0.010582010582010581,0.1548791378736496
0.007644662686234027,0.010582010582010581,0.15486957132816315
0.007644662686234027,0.011544011544011544,0.1548110395669937
0.0082584677194353,0.011544011544011544,0.15456873178482056
0.0082584677194353,0.012025012025012025,0.1545562446117401
0.008314268176999052,0.012025012025012025,0.15453727543354034
0.008314268176999052,0.012506012506012507,0.154512420296669
0.008872272752636572,0.012506012506012507,0.1543264091014862
0.008872272752636572,0.012987012987012988,0.15432219207286835
0.009430277328274091,0.012987012987012988,0.15400515496730804
0.009430277328274091,0.013468013468013467,0.15395434200763702
0.00993248144634786,0.013468013468013467,0.1538120061159134
0.00993248144634786,0.013949013949013949,0.15373682975769043
0.010155683276602868,0.013949013949013949,0.1536688357591629
0.010155683276602868,0.01443001443001443,0.15364478528499603
0.011215891970314156,0.01443001443001443,0.15309421718120575
0.011215891970314156,0.014911014911014911,0.15308400988578796
0.01132749288544166,0.014911014911014911,0.1530442088842392
0.01132749288544166,0.015392015392015393,0.15303181111812592
0.011439093800569164,0.015392015392015393,0.15297214686870575
0.011439093800569164,0.015873015873015872,0.15293976664543152
0.01216449974889794,0.015873015873015872,0.15258269011974335
0.01216449974889794,0.016354016354016353,0.15257200598716736
0.012331901121589196,0.016354016354016353,0.15251438319683075
0.012331901121589196,0.016835016835016835,0.1524519920349121
0.012555102951844204,0.016835016835016835,0.15235640108585358
0.012555102951844204,0.017316017316017316,0.1523076295852661
0.013113107527481726,0.017316017316017316,0.1521669179201126
0.013113107527481726,0.017797017797017797,0.15216536819934845
0.013224708442609229,0.017797017797017797,0.15213298797607422
0.013224708442609229,0.01827801827801828,0.15211628377437592
0.013336309357736734,0.01827801827801828,0.1520719677209854
0.013336309357736734,0.01875901875901876,0.1519961655139923
0.013726912560682997,0.01875901875901876,0.15189027786254883
0.013726912560682997,0.01924001924001924,0.1518639475107193
0.013838513475810502,0.01924001924001924,0.15174704790115356
0.013838513475810502,0.019721019721019722,0.15172483026981354
0.014396518051448022,0.019721019721019722,0.15148770809173584
0.014396518051448022,0.020202020202020204,0.15148212015628815
0.014508118966575527,0.020202020202020204,0.15143898129463196
0.014508118966575527,0.02068302068302068,0.15143735706806183
0.014787121254394285,0.02068302068302068,0.15139740705490112
0.014787121254394285,0.021164021164021163,0.1513911783695221
0.015903130405669326,0.021164021164021163,0.15112660825252533
0.015903130405669326,0.021645021645021644,0.15112650394439697
0.016237933151051837,0.021645021645021644,0.15099075436592102
0.016237933151051837,0.022126022126022125,0.15096202492713928
0.016572735896434352,0.022126022126022125,0.1508892923593521
0.016572735896434352,0.022607022607022607,0.15088452398777008
0.016684336811561853,0.022607022607022607,0.15085217356681824
0.016684336811561853,0.023088023088023088,0.15084683895111084
0.017242341387199375,0.023088023088023088,0.15070761740207672
0.017242341387199375,0.02356902356902357,0.15070407092571259
0.017409742759890632,0.02356902356902357,0.15062254667282104
0.017409742759890632,0.02405002405002405,0.15060721337795258
0.017465543217454384,0.02405002405002405,0.15060384571552277
0.017465543217454384,0.025012025012025013,0.15058693289756775
0.01768874504770939,0.025012025012025013,0.15047118067741394
0.01768874504770939,0.025493025493025494,0.15046493709087372
0.01874895374142068,0.025493025493025494,0.15022824704647064
0.01874895374142068,0.025974025974025976,0.15017859637737274
0.018804754198984433,0.025974025974025976,0.15013742446899414
0.018804754198984433,0.026455026455026454,0.15013109147548676
0.019753361977568214,0.026455026455026454,0.14994393289089203
0.019753361977568214,0.026936026936026935,0.14992962777614594
0.019976563807823224,0.026936026936026935,0.1498691588640213
0.020032364265386977,0.027417027417027416,0.1498585045337677
0.020032364265386977,0.027898027898027897,0.14985497295856476
0.02014396518051448,0.027898027898027897,0.14982110261917114
0.02014396518051448,0.02886002886002886,0.14979630708694458
0.020367167010769488,0.02886002886002886,0.14974665641784668
0.020367167010769488,0.029822029822029823,0.1497354358434677
0.020478767925896993,0.029822029822029823,0.14972087740898132
0.020478767925896993,0.030303030303030304,0.1497104912996292
0.020701969756152,0.030303030303030304,0.14966589212417603
0.020701969756152,0.030784030784030785,0.14965607225894928
0.02159477707717203,0.030784030784030785,0.14951056241989136
0.02159477707717203,0.031265031265031266,0.14950139820575714
0.02176217844986329,0.031265031265031266,0.1494823545217514
0.02176217844986329,0.031746031746031744,0.14947234094142914
0.0220969811952458,0.031746031746031744,0.14938752353191376
0.0220969811952458,0.03222703222703223,0.1493857353925705
0.022152781652809553,0.03222703222703223,0.1493758261203766
0.022152781652809553,0.03270803270803271,0.1493644118309021
0.022766586686010826,0.03270803270803271,0.14922985434532166
0.022766586686010826,0.03318903318903319,0.14922386407852173
0.02315718988895709,0.03318903318903319,0.14916862547397614
0.02315718988895709,0.03367003367003367,0.14916357398033142
0.023268790804084595,0.03367003367003367,0.1491469293832779
0.023268790804084595,0.034151034151034154,0.14914414286613464
0.023324591261648344,0.034151034151034154,0.14912444353103638
0.023324591261648344,0.03511303511303511,0.14910069108009338
0.02432899949779588,0.03511303511303511,0.14897429943084717
0.02432899949779588,0.035594035594035595,0.1489710956811905
0.024440600412923386,0.035594035594035595,0.1489487588405609
0.024440600412923386,0.03607503607503607,0.14891882240772247
0.024942804530997155,0.03607503607503607,0.14883393049240112
0.024942804530997155,0.03655603655603656,0.14882799983024597
0.026616818257909715,0.03655603655603656,0.1485471874475479
0.026616818257909715,0.037037037037037035,0.14853934943675995
0.02672841917303722,0.037037037037037035,0.14852936565876007
0.02672841917303722,0.03751803751803752,0.1485268920660019
0.027677026951621005,0.03751803751803752,0.14834924042224884
0.027677026951621005,0.03848003848003848,0.14830909669399261
0.02784442832431226,0.03848003848003848,0.14829261600971222
0.02784442832431226,0.03896103896103896,0.14829041063785553
0.028235031527258522,0.03896103896103896,0.14823494851589203
0.028235031527258522,0.039442039442039445,0.1482301503419876
0.02890463701802355,0.039442039442039445,0.14810669422149658
0.02890463701802355,0.03992303992303992,0.14808747172355652
0.029072038390714802,0.03992303992303992,0.14807474613189697
0.029072038390714802,0.04040404040404041,0.14807182550430298
0.029127838848278555,0.04040404040404041,0.14805997908115387
0.029127838848278555,0.04136604136604136,0.1480526179075241
0.02923943976340606,0.04136604136604136,0.1480313539505005
0.02923943976340606,0.04184704184704185,0.1480240672826767
0.030132247084426092,0.04184704184704185,0.14788953959941864
0.030132247084426092,0.042328042328042326,0.1478414684534073
0.031025054405446124,0.042328042328042326,0.14771316945552826
0.031025054405446124,0.04280904280904281,0.14769534766674042
0.03169465989621115,0.04280904280904281,0.14761234819889069
0.03169465989621115,0.04329004329004329,0.14760687947273254
0.03225266447184867,0.04329004329004329,0.14756402373313904
0.03225266447184867,0.04377104377104377,0.14756356179714203
0.032308464929412424,0.04377104377104377,0.14756299555301666
0.032308464929412424,0.04425204425204425,0.14754535257816315
0.032364265386976176,0.04425204425204425,0.14753498136997223
0.032364265386976176,0.044733044733044736,0.14752624928951263
0.03281066904748619,0.044733044733044736,0.14746695756912231
0.03281066904748619,0.04521404521404521,0.14744773507118225
0.033312873165559954,0.04521404521404521,0.1473919004201889
0.033312873165559954,0.046176046176046176,0.14738471806049347
0.03336867362312371,0.046176046176046176,0.14737993478775024
0.03336867362312371,0.046657046657046654,0.14736641943454742
0.03370347636850622,0.046657046657046654,0.14734183251857758
0.03370347636850622,0.0481000481000481,0.14731965959072113
0.034373081859271244,0.0481000481000481,0.14724160730838776
0.034373081859271244,0.04858104858104858,0.14724083244800568
0.034428882316835,0.04858104858104858,0.1472305804491043
0.034428882316835,0.049062049062049064,0.14722885191440582
0.03498688689247252,0.049062049062049064,0.14715665578842163
0.03498688689247252,0.04954304954304954,0.1471504122018814
0.03526588918029128,0.04954304954304954,0.1471310406923294
0.03526588918029128,0.050505050505050504,0.14711129665374756
0.03532168963785503,0.050505050505050504,0.14708951115608215
0.03532168963785503,0.05098605098605099,0.14707690477371216
0.035433290552982534,0.05098605098605099,0.14706116914749146
0.035433290552982534,0.05146705146705147,0.147060826420784
0.035879694213492554,0.05146705146705147,0.1470247209072113
0.035879694213492554,0.05194805194805195,0.14702215790748596
0.03643769878913007,0.05194805194805195,0.14694298803806305
0.03643769878913007,0.05242905242905243,0.1469166874885559
0.036493499246693824,0.05242905242905243,0.14689381420612335
0.036493499246693824,0.05291005291005291,0.14688639342784882
0.036716701076948834,0.05291005291005291,0.14684990048408508
0.036716701076948834,0.05339105339105339,0.14683708548545837
0.03699570336476759,0.05339105339105339,0.14679382741451263
0.03699570336476759,0.05387205387205387,0.146788090467453
0.03705150382233134,0.05387205387205387,0.14676988124847412
0.03705150382233134,0.054353054353054354,0.14676697552204132
0.037107304279895094,0.054353054353054354,0.1467656046152115
0.037107304279895094,0.05483405483405483,0.14676181972026825
0.037330506110150104,0.05483405483405483,0.14674299955368042
0.037330506110150104,0.05531505531505532,0.1467282474040985
0.037386306567713856,0.05531505531505532,0.14672796428203583
0.037386306567713856,0.055796055796055795,0.14672009646892548
0.038390714803861394,0.055796055796055795,0.14662769436836243
0.038390714803861394,0.05675805675805676,0.14661654829978943
0.03917192120975392,0.05675805675805676,0.14650826156139374
0.03917192120975392,0.05723905723905724,0.14649519324302673
0.04084593493666648,0.05723905723905724,0.1462324559688568
0.04084593493666648,0.05772005772005772,0.14622922241687775
0.04106913676692149,0.05772005772005772,0.14620782434940338
0.04106913676692149,0.0582010582010582,0.14620108902454376
0.04123653813961275,0.0582010582010582,0.1461917608976364
0.04123653813961275,0.05916305916305916,0.14618554711341858
0.04185034317281402,0.05916305916305916,0.14611490070819855
0.04185034317281402,0.059644059644059645,0.1461086869239807
0.04212934546063278,0.059644059644059645,0.14609386026859283
0.04212934546063278,0.06012506012506012,0.14609000086784363
0.042185145918196526,0.06012506012506012,0.1460878700017929
0.042185145918196526,0.06060606060606061,0.14607912302017212
0.04251994866357904,0.06060606060606061,0.1460471898317337
0.04251994866357904,0.061087061087061086,0.14604157209396362
0.04291055186652531,0.061087061087061086,0.14600124955177307
0.04291055186652531,0.06156806156806157,0.14599572122097015
0.04296635232408906,0.06156806156806157,0.14599551260471344
0.04296635232408906,0.06204906204906205,0.14598000049591064
0.04397076056023659,0.06204906204906205,0.14588353037834167
0.04397076056023659,0.06253006253006253,0.14587640762329102
0.04486356788125662,0.06253006253006253,0.14577831327915192
0.04486356788125662,0.06301106301106302,0.14576980471611023
0.04508676971151163,0.06301106301106302,0.14573122560977936
0.04508676971151163,0.06349206349206349,0.14570948481559753
0.04653758160816919,0.06349206349206349,0.14553700387477875
0.04653758160816919,0.06397306397306397,0.14553630352020264
0.04676078343842419,0.06397306397306397,0.1455005407333374
0.04676078343842419,0.06445406445406446,0.14547808468341827
0.04692818481111545,0.06445406445406446,0.145469531416893
0.04692818481111545,0.06493506493506493,0.14545272290706635
0.047262987556497965,0.06493506493506493,0.14540791511535645
0.047262987556497965,0.06541606541606541,0.1454067975282669
0.048323196250209255,0.06541606541606541,0.1452934741973877
0.048323196250209255,0.0658970658970659,0.14529037475585938
0.048378996707773,0.0658970658970659,0.14527727663516998
0.048378996707773,0.06637806637806638,0.14526274800300598
0.048490597622900505,0.06637806637806638,0.1452600210905075
0.048490597622900505,0.06685906685906685,0.14525370299816132
0.04949500585904804,0.06685906685906685,0.14514410495758057
0.04949500585904804,0.06734006734006734,0.14514151215553284
0.04988560906199431,0.06734006734006734,0.14509500563144684
0.04988560906199431,0.06782106782106782,0.14508970081806183
0.05033201272250432,0.06782106782106782,0.14506018161773682
0.05033201272250432,0.06878306878306878,0.14504241943359375
0.05049941409519558,0.06878306878306878,0.14502418041229248
0.05049941409519558,0.06926406926406926,0.14502373337745667
0.05077841638301434,0.06926406926406926,0.14498208463191986
0.05077841638301434,0.06974506974506975,0.1449761688709259
0.050834216840578095,0.06974506974506975,0.14497137069702148
0.050834216840578095,0.07022607022607022,0.14496693015098572
0.0510574186708331,0.07022607022607022,0.1449471116065979
0.0510574186708331,0.0707070707070707,0.14494168758392334
0.0511690195859606,0.0707070707070707,0.14493966102600098
0.0511690195859606,0.07118807118807119,0.14493708312511444
0.05178282461916188,0.07118807118807119,0.14488907158374786
0.05178282461916188,0.07166907166907167,0.1448790729045868
0.052061826906980635,0.07166907166907167,0.14485669136047363
0.052061826906980635,0.07215007215007214,0.14485633373260498
0.05222922827967189,0.07215007215007214,0.1448500007390976
0.05222922827967189,0.07263107263107263,0.14484600722789764
0.05239662965236315,0.07263107263107263,0.14483509957790375
0.05239662965236315,0.07311207311207311,0.14483094215393066
0.052731432397745664,0.07311207311207311,0.1447959840297699
0.052731432397745664,0.0735930735930736,0.1447850912809372
0.05278723285530942,0.0735930735930736,0.14477914571762085
0.05278723285530942,0.07407407407407407,0.1447749137878418
0.05379164109145695,0.07407407407407407,0.14467260241508484
0.05379164109145695,0.07455507455507455,0.14467178285121918
0.0538474415490207,0.07455507455507455,0.14466740190982819
0.0538474415490207,0.07503607503607504,0.14466625452041626
0.05390324200658445,0.07503607503607504,0.1446598619222641
0.05390324200658445,0.07551707551707551,0.14464521408081055
0.05446124658222198,0.07551707551707551,0.14455075562000275
0.05446124658222198,0.075998075998076,0.14455001056194305
0.05496345070029574,0.075998075998076,0.14445710182189941
0.05496345070029574,0.07647907647907648,0.1444513499736786
0.05529825344567826,0.07647907647907648,0.14443695545196533
0.05529825344567826,0.07696007696007696,0.1444239616394043
0.055856258021315774,0.07696007696007696,0.14439471065998077
0.055856258021315774,0.07744107744107744,0.14438070356845856
0.0578092740360471,0.07744107744107744,0.14423485100269318
0.0578092740360471,0.07792207792207792,0.14423337578773499
0.05926008593270465,0.07792207792207792,0.14415833353996277
0.05926008593270465,0.0784030784030784,0.14415128529071808
0.0593158863902684,0.0784030784030784,0.14414943754673004
0.0593158863902684,0.07888407888407889,0.1441473513841629
0.05953908822052341,0.07888407888407889,0.14413225650787354
0.05953908822052341,0.07936507936507936,0.14413046836853027
0.0608224987444897,0.07936507936507936,0.14405164122581482
0.0608224987444897,0.07984607984607985,0.14404729008674622
0.061547904692818484,0.07984607984607985,0.1439930647611618
0.061547904692818484,0.08032708032708033,0.14399150013923645
0.062105909268456,0.08032708032708033,0.14395755529403687
0.062105909268456,0.08080808080808081,0.14395703375339508
0.06271971430165728,0.08080808080808081,0.14390946924686432
0.06271971430165728,0.08128908128908129,0.14390675723552704
0.06299871658947603,0.08128908128908129,0.1438870131969452
0.06299871658947603,0.08177008177008177,0.14387765526771545
0.06316611796216728,0.08177008177008177,0.14386767148971558
0.06316611796216728,0.08225108225108226,0.1438586264848709
0.06411472574075107,0.08225108225108226,0.14380961656570435
0.06411472574075107,0.08273208273208273,0.14380697906017303
0.06450532894369734,0.08273208273208273,0.1437654197216034
0.06450532894369734,0.08321308321308321,0.1437634825706482
0.0647843312315161,0.08321308321308321,0.14374543726444244
0.0647843312315161,0.0836940836940837,0.14373895525932312
0.06567713855253612,0.0836940836940837,0.14367052912712097
0.06567713855253612,0.08417508417508418,0.143667533993721
0.0659561408403549,0.08417508417508418,0.14365428686141968
0.0659561408403549,0.08465608465608465,0.14365294575691223
0.06623514312817365,0.08465608465608465,0.14362797141075134
0.06623514312817365,0.08561808561808562,0.1436164528131485
0.06651414541599242,0.08561808561808562,0.14360114932060242
0.06651414541599242,0.0860990860990861,0.14360098540782928
0.06712795044919369,0.0860990860990861,0.14356115460395813
0.06712795044919369,0.08658008658008658,0.14355817437171936
0.06718375090675743,0.08658008658008658,0.14354972541332245
0.06723955136432119,0.08706108706108706,0.14354920387268066
0.06835556051559623,0.08706108706108706,0.14347876608371735
0.06835556051559623,0.08754208754208755,0.14347781240940094
0.06852296188828748,0.08754208754208755,0.14346635341644287
0.06852296188828748,0.08802308802308802,0.14346621930599213
0.06880196417610625,0.08802308802308802,0.14343848824501038
0.06880196417610625,0.0885040885040885,0.14343178272247314
0.069080966463925,0.0885040885040885,0.14341861009597778
0.069080966463925,0.08898508898508899,0.14341503381729126
0.06919256737905251,0.08898508898508899,0.14340904355049133
0.06919256737905251,0.08946608946608947,0.14340680837631226
0.06986217286981754,0.08946608946608947,0.14335639774799347
0.06986217286981754,0.08994708994708994,0.14334963262081146
0.07002957424250879,0.08994708994708994,0.14333851635456085
0.07002957424250879,0.0913900913900914,0.14333398640155792
0.0703643769878913,0.0913900913900914,0.14328809082508087
0.0703643769878913,0.09187109187109187,0.14328782260417938
0.07064337927571006,0.09187109187109187,0.14326933026313782
0.07064337927571006,0.09235209235209235,0.14326481521129608
0.07069917973327382,0.09235209235209235,0.14325496554374695
0.07069917973327382,0.09283309283309284,0.14325420558452606
0.07092238156352883,0.09283309283309284,0.14323681592941284
0.07092238156352883,0.09331409331409331,0.14322622120380402
0.07097818202109257,0.09331409331409331,0.1432213932275772
0.07097818202109257,0.09379509379509379,0.14321911334991455
0.07114558339378382,0.09379509379509379,0.14320890605449677
0.07114558339378382,0.09427609427609428,0.14319412410259247
0.07170358796942135,0.09427609427609428,0.14316566288471222
0.07170358796942135,0.09475709475709476,0.1431608349084854
0.07181518888454885,0.09475709475709476,0.14315953850746155
0.07181518888454885,0.09523809523809523,0.1431576907634735
0.07203839071480386,0.09523809523809523,0.14312784373760223
0.07203839071480386,0.09571909571909572,0.1431274116039276
0.07226159254505887,0.09571909571909572,0.14311611652374268
0.07226159254505887,0.0962000962000962,0.1431124210357666
0.07242899391775012,0.0962000962000962,0.14310389757156372
0.07242899391775012,0.09668109668109669,0.1430903822183609
0.07276379666313264,0.09668109668109669,0.1430552452802658
0.07276379666313264,0.09764309764309764,0.14304551482200623
0.07287539757826014,0.09764309764309764,0.14304186403751373
0.07287539757826014,0.0986050986050986,0.1430356353521347
0.07293119803582389,0.0986050986050986,0.14303246140480042
0.07293119803582389,0.09908609908609908,0.14303243160247803
0.07298699849338765,0.09908609908609908,0.14302168786525726
0.07298699849338765,0.09956709956709957,0.14301909506320953
0.07432620947491769,0.09956709956709957,0.14290151000022888
0.07432620947491769,0.10004810004810005,0.14289531111717224
0.0744378103900452,0.10004810004810005,0.14288511872291565
0.0744378103900452,0.10052910052910052,0.14287762343883514
0.07505161542324647,0.10052910052910052,0.14284080266952515
0.07505161542324647,0.10101010101010101,0.14283829927444458
0.07560961999888399,0.10101010101010101,0.1428077518939972
0.07560961999888399,0.10149110149110149,0.14280623197555542
0.07627922548964902,0.10149110149110149,0.1427777260541916
0.07627922548964902,0.10197210197210198,0.14277708530426025
0.07633502594721277,0.10197210197210198,0.14277659356594086
0.07633502594721277,0.10245310245310245,0.1427757441997528
0.07678142960772279,0.10245310245310245,0.14274515211582184
0.07678142960772279,0.10293410293410293,0.14274509251117706
0.0771162323531053,0.10293410293410293,0.14272840321063995
0.0771162323531053,0.10341510341510342,0.14272230863571167
0.07717203281066905,0.10341510341510342,0.1427188217639923
0.07717203281066905,0.10437710437710437,0.1427127569913864
0.07750683555605156,0.10437710437710437,0.14269225299358368
0.07750683555605156,0.10485810485810486,0.1426900327205658
0.07767423692874281,0.10485810485810486,0.14267614483833313
0.07767423692874281,0.10533910533910534,0.14266952872276306
0.07800903967412533,0.10533910533910534,0.14264489710330963
0.07800903967412533,0.10582010582010581,0.14264407753944397
0.07845544333463535,0.10582010582010581,0.14261050522327423
0.07845544333463535,0.1063011063011063,0.1426067352294922
0.07890184699514537,0.1063011063011063,0.14257115125656128
0.07890184699514537,0.10678210678210678,0.14255832135677338
0.07945985157078288,0.10678210678210678,0.14254046976566315
0.07945985157078288,0.10726310726310727,0.1425364464521408
0.07979465431616539,0.10726310726310727,0.142526775598526
0.07979465431616539,0.10774410774410774,0.14252184331417084
0.07996205568885664,0.10774410774410774,0.14249984920024872
0.07996205568885664,0.10822510822510822,0.1424965113401413
0.08079906255231292,0.10822510822510822,0.14245714247226715
0.08079906255231292,0.10870610870610871,0.1424541026353836
0.08180347078846047,0.10870610870610871,0.14235618710517883
0.08180347078846047,0.1091871091871092,0.14235609769821167
0.08197087216115172,0.1091871091871092,0.1423531323671341
0.08197087216115172,0.10966810966810966,0.14235204458236694
0.08202667261871548,0.10966810966810966,0.1423484832048416
0.08202667261871548,0.11014911014911015,0.14234378933906555
0.08252887673678924,0.11014911014911015,0.14231373369693756
0.08252887673678924,0.11063011063011063,0.14231085777282715
0.08314268176999051,0.11063011063011063,0.14227934181690216
0.08314268176999051,0.1111111111111111,0.14227689802646637
0.08353328497293677,0.1111111111111111,0.14225098490715027
0.08353328497293677,0.11159211159211159,0.14223350584506989
0.0840912895485743,0.11159211159211159,0.1422116607427597
0.0840912895485743,0.11207311207311207,0.14221054315567017
0.08481669549690307,0.11207311207311207,0.14216728508472443
0.08481669549690307,0.11255411255411256,0.14216485619544983
0.08520729869984933,0.11255411255411256,0.14214834570884705
0.08520729869984933,0.11303511303511303,0.14214351773262024
0.08531889961497684,0.11303511303511303,0.1421281099319458
0.08531889961497684,0.11351611351611351,0.14211668074131012
0.08632330785112438,0.11351611351611351,0.14205051958560944
0.08632330785112438,0.113997113997114,0.14204908907413483
0.0869929133418894,0.113997113997114,0.1419597864151001
0.0869929133418894,0.11447811447811448,0.14195798337459564
0.08738351654483567,0.11447811447811448,0.14192916452884674
0.08738351654483567,0.11495911495911496,0.141926109790802
0.08799732157803694,0.11495911495911496,0.14189425110816956
0.08799732157803694,0.11544011544011544,0.14189372956752777
0.0882763238658557,0.11544011544011544,0.1418711096048355
0.0882763238658557,0.11592111592111592,0.1418701708316803
0.08833212432341946,0.11592111592111592,0.14186722040176392
0.08833212432341946,0.1164021164021164,0.1418660581111908
0.08894592935662073,0.1164021164021164,0.14182385802268982
0.08894592935662073,0.11688311688311688,0.14181557297706604
0.08922493164443948,0.11688311688311688,0.14180083572864532
0.08922493164443948,0.11736411736411737,0.1417991667985916
0.08944813347469449,0.11736411736411737,0.14178326725959778
0.08944813347469449,0.11784511784511785,0.14178287982940674
0.09011773896545952,0.11784511784511785,0.14173318445682526
0.09011773896545952,0.11832611832611832,0.14172878861427307
0.09034094079571453,0.11832611832611832,0.1417057365179062
0.09034094079571453,0.1188071188071188,0.14170172810554504
0.09073154399866079,0.1188071188071188,0.14168313145637512
0.09073154399866079,0.11928811928811929,0.14167635142803192
0.09101054628647955,0.11928811928811929,0.14166007936000824
0.09101054628647955,0.11976911976911978,0.14165662229061127
0.09117794765917081,0.11976911976911978,0.14162302017211914
0.09117794765917081,0.12025012025012025,0.141614630818367
0.09156855086211707,0.12025012025012025,0.14160118997097015
0.09156855086211707,0.12073112073112073,0.14160117506980896
0.09173595223480832,0.12073112073112073,0.1415945589542389
0.09173595223480832,0.12169312169312169,0.14158456027507782
0.09195915406506333,0.12169312169312169,0.14156632125377655
0.09195915406506333,0.12217412217412217,0.14156410098075867
0.0922381563528821,0.12217412217412217,0.14155706763267517
0.0922381563528821,0.12265512265512266,0.14155250787734985
0.09240555772557335,0.12265512265512266,0.14154447615146637
0.09240555772557335,0.12313612313612314,0.14154167473316193
0.0924613581831371,0.12313612313612314,0.14153988659381866
0.0924613581831371,0.12361712361712361,0.1415347456932068
0.09262875955582836,0.12361712361712361,0.14152352511882782
0.09262875955582836,0.12457912457912458,0.14152254164218903
0.09290776184364712,0.12457912457912458,0.141511008143425
0.09290776184364712,0.12506012506012507,0.14150850474834442
0.09340996596172088,0.12506012506012507,0.1414833515882492
0.09340996596172088,0.12554112554112554,0.141482874751091
0.09402377099492217,0.12554112554112554,0.14144064486026764
0.09402377099492217,0.12602212602212604,0.14144016802310944
0.09424697282517716,0.12602212602212604,0.14142422378063202
0.09424697282517716,0.1265031265031265,0.14142301678657532
0.09480497740081469,0.1265031265031265,0.14139500260353088
0.09480497740081469,0.12698412698412698,0.1413915753364563
0.0950281792310697,0.12698412698412698,0.14138802886009216
0.0950281792310697,0.12746512746512748,0.14138218760490417
0.09547458289157972,0.12746512746512748,0.14135156571865082
0.09547458289157972,0.12794612794612795,0.14135093986988068
0.09575358517939847,0.12794612794612795,0.14133456349372864
0.09575358517939847,0.12842712842712842,0.1413288712501526
0.09586518609452598,0.12842712842712842,0.14132706820964813
0.09586518609452598,0.12890812890812892,0.1413237452507019
0.096534791585291,0.12890812890812892,0.14128641784191132
0.096534791585291,0.1293891293891294,0.14128558337688446
0.09692539478823727,0.1293891293891294,0.14126993715763092
0.09692539478823727,0.12987012987012986,0.14126788079738617
0.09753919982143854,0.12987012987012986,0.1412286013364792
0.09753919982143854,0.13035113035113036,0.14122574031352997
0.09770660119412979,0.13035113035113036,0.1412193477153778
0.09770660119412979,0.13083213083213083,0.1412171572446823
0.0979298030243848,0.13083213083213083,0.1412113755941391
0.0979298030243848,0.13131313131313133,0.14120954275131226
0.09798560348194855,0.13131313131313133,0.1412084698677063
0.09798560348194855,0.1317941317941318,0.14120584726333618
0.09820880531220356,0.1317941317941318,0.14119966328144073
0.09820880531220356,0.13227513227513227,0.14119380712509155
0.09859940851514983,0.13227513227513227,0.14117370545864105
0.09859940851514983,0.13275613275613277,0.14116790890693665
0.0993248144634786,0.13275613275613277,0.14113706350326538
0.0993248144634786,0.13323713323713324,0.14113566279411316
0.09960381675129736,0.13323713323713324,0.14112544059753418
0.09960381675129736,0.1337181337181337,0.14112362265586853
0.09971541766642486,0.1337181337181337,0.14111967384815216
0.09971541766642486,0.13564213564213565,0.14110033214092255
0.09977121812398862,0.13564213564213565,0.14109456539154053
0.09977121812398862,0.13612313612313612,0.14109352231025696
0.10005022041180738,0.13612313612313612,0.14107510447502136
0.10005022041180738,0.13660413660413662,0.14107400178909302
0.10016182132693488,0.13660413660413662,0.14107026159763336
0.10016182132693488,0.1370851370851371,0.14106735587120056
0.10066402544500865,0.1370851370851371,0.14104266464710236
0.10066402544500865,0.13756613756613756,0.14103707671165466
0.10099882819039116,0.13756613756613756,0.14101779460906982
0.10111042910551866,0.13756613756613756,0.14101743698120117
0.10111042910551866,0.13804713804713806,0.14101320505142212
0.10122203002064617,0.13804713804713806,0.14101094007492065
0.10122203002064617,0.13852813852813853,0.14100901782512665
0.10144523185090118,0.13852813852813853,0.14100316166877747
0.10144523185090118,0.139009139009139,0.14100226759910583
0.10183583505384744,0.139009139009139,0.14097832143306732
0.10183583505384744,0.1394901394901395,0.14097653329372406
0.10244964008704871,0.1394901394901395,0.14093196392059326
0.10244964008704871,0.13997113997113997,0.1409304291009903
0.10300764466268623,0.13997113997113997,0.14089524745941162
0.10300764466268623,0.14045214045214044,0.14089448750019073
0.10306344512024998,0.14045214045214044,0.14089161157608032
0.10306344512024998,0.1414141414141414,0.1408902108669281
0.10345404832319625,0.1414141414141414,0.14086338877677917
0.10350984878076,0.1418951418951419,0.14086157083511353
0.10501646113498131,0.1418951418951419,0.14080072939395905
0.10501646113498131,0.14237614237614238,0.140800341963768
0.1059650689135651,0.14237614237614238,0.14075830578804016
0.1059650689135651,0.14333814333814335,0.14074592292308807
0.10602086937112884,0.14333814333814335,0.14074261486530304
0.10602086937112884,0.14381914381914382,0.14074070751667023
0.10702527760727638,0.14381914381914382,0.14069440960884094
0.10702527760727638,0.1443001443001443,0.14069132506847382
0.10708107806484013,0.1443001443001443,0.1406903713941574
0.10708107806484013,0.1447811447811448,0.1406802386045456
0.1075832821829139,0.1447811447811448,0.1406688392162323
0.1075832821829139,0.14526214526214526,0.1406678706407547
0.10825288767367892,0.14526214526214526,0.14064037799835205
0.10825288767367892,0.14622414622414623,0.14063817262649536
0.10881089224931645,0.14622414622414623,0.14060060679912567
0.10881089224931645,0.1471861471861472,0.14059822261333466
0.10892249316444395,0.1471861471861472,0.14058908820152283
0.10892249316444395,0.14766714766714767,0.14058682322502136
0.10903409407957146,0.14766714766714767,0.14057834446430206
0.10903409407957146,0.14862914862914864,0.14057408273220062
0.10936889682495396,0.14862914862914864,0.14056524634361267
0.10936889682495396,0.1491101491101491,0.14056378602981567
0.110261704145974,0.1491101491101491,0.14053766429424286
0.110261704145974,0.14959114959114958,0.1405331790447235
0.11087550917917527,0.14959114959114958,0.1404673457145691
0.11087550917917527,0.15007215007215008,0.14046287536621094
0.11098711009430277,0.15007215007215008,0.1404574066400528
0.11109871100943028,0.15007215007215008,0.14044959843158722
0.11215891970314157,0.15007215007215008,0.14039012789726257
0.11215891970314157,0.15055315055315055,0.14038895070552826
0.11254952290608783,0.15055315055315055,0.14037181437015533
0.11254952290608783,0.15103415103415102,0.14036092162132263
0.11288432565147034,0.15103415103415102,0.14035727083683014
0.11288432565147034,0.15151515151515152,0.14035438001155853
0.11360973159979912,0.15151515151515152,0.14032110571861267
0.11360973159979912,0.151996151996152,0.14031556248664856
0.11539534624183918,0.151996151996152,0.1402358114719391
0.11539534624183918,0.15295815295815296,0.14023196697235107
0.11567434852965794,0.15295815295815296,0.14022232592105865
0.11567434852965794,0.15343915343915343,0.1402207762002945
0.11589755035991295,0.15343915343915343,0.14021183550357819
0.11589755035991295,0.15392015392015393,0.14020481705665588
0.11712516042631549,0.15392015392015393,0.14013829827308655
0.11712516042631549,0.1544011544011544,0.14013738930225372
0.11718096088387925,0.1544011544011544,0.1401360034942627
0.11718096088387925,0.15488215488215487,0.1401357650756836
0.11729256179900675,0.15488215488215487,0.14012135565280914
0.11729256179900675,0.15536315536315537,0.14012090861797333
0.1173483622565705,0.15536315536315537,0.1401168704032898
0.1173483622565705,0.15584415584415584,0.14011652767658234
0.11829697003515428,0.15584415584415584,0.14007076621055603
0.11829697003515428,0.1563251563251563,0.1400688737630844
0.11835277049271804,0.1563251563251563,0.14006605744361877
0.11835277049271804,0.15728715728715728,0.14006468653678894
0.11857597232297305,0.15728715728715728,0.14003953337669373
0.11857597232297305,0.15776815776815778,0.14003711938858032
0.1186317727805368,0.15776815776815778,0.14003689587116241
0.1186317727805368,0.15824915824915825,0.14003518223762512
0.11913397689861056,0.15824915824915825,0.14001400768756866
0.11924557781373807,0.15824915824915825,0.1400129348039627
0.1199151833045031,0.15824915824915825,0.13997818529605865
0.1199151833045031,0.15873015873015872,0.13997605443000793
0.12013838513475811,0.15873015873015872,0.13997341692447662
0.12013838513475811,0.15921115921115922,0.13996893167495728
0.12097539199821439,0.15921115921115922,0.13992471992969513
0.12097539199821439,0.1596921596921597,0.13992291688919067
0.12142179565872441,0.1596921596921597,0.13991107046604156
0.12142179565872441,0.16017316017316016,0.13990770280361176
0.12237040343730819,0.16017316017316016,0.13986490666866302
0.12237040343730819,0.16065416065416066,0.1398611217737198
0.12242620389487194,0.16065416065416066,0.13985922932624817
0.12242620389487194,0.16113516113516113,0.13985911011695862
0.12287260755538196,0.16113516113516113,0.1398373693227768
0.12287260755538196,0.16161616161616163,0.13983112573623657
0.12298420847050946,0.16161616161616163,0.13982529938220978
0.12298420847050946,0.1620971620971621,0.13981936872005463
0.12309580938563697,0.1620971620971621,0.1398146003484726
0.12309580938563697,0.16257816257816257,0.13981299102306366
0.12393281624909325,0.16257816257816257,0.1397695094347
0.12393281624909325,0.16305916305916307,0.1397569179534912
0.12443502036716701,0.16305916305916307,0.13974207639694214
0.12443502036716701,0.16354016354016354,0.13974110782146454
0.12460242173985826,0.16354016354016354,0.13973616063594818
0.12460242173985826,0.164021164021164,0.13973583281040192
0.12499302494280454,0.164021164021164,0.13971376419067383
0.12499302494280454,0.1645021645021645,0.13971222937107086
0.1267786395848446,0.1645021645021645,0.13963814079761505
0.1267786395848446,0.16498316498316498,0.1396368145942688
0.1270018414150996,0.16498316498316498,0.1396278291940689
0.1270018414150996,0.16546416546416545,0.13962465524673462
0.12711344233022712,0.16546416546416545,0.13962328433990479
0.12711344233022712,0.16594516594516595,0.13962045311927795
0.12728084370291837,0.16594516594516595,0.1396116018295288
0.12728084370291837,0.16642616642616642,0.13960984349250793
0.12800624965124713,0.16642616642616642,0.1395787000656128
0.12800624965124713,0.16690716690716692,0.1395740807056427
0.1280620501088109,0.16690716690716692,0.13957317173480988
0.1280620501088109,0.1673881673881674,0.13957294821739197
0.12822945148150214,0.1673881673881674,0.13956734538078308
0.12822945148150214,0.16786916786916786,0.13956639170646667
0.1282852519390659,0.16786916786916786,0.1395602971315384
0.1282852519390659,0.16835016835016836,0.1395583152770996
0.12862005468444843,0.16835016835016836,0.1395447701215744
0.12867585514201216,0.16883116883116883,0.13954050838947296
0.1288432565147034,0.16883116883116883,0.1395314782857895
0.1288432565147034,0.17027417027417027,0.13952508568763733
0.13040566932648848,0.17027417027417027,0.1394558548927307
0.13040566932648848,0.17075517075517074,0.13945484161376953
0.13074047207187098,0.17075517075517074,0.1394461840391159
0.13074047207187098,0.17123617123617124,0.13944441080093384
0.13129847664750852,0.17123617123617124,0.13940931856632233
0.13129847664750852,0.1721981721981722,0.1393968164920807
0.13152167847776353,0.1721981721981722,0.13938578963279724
0.13163327939289102,0.1721981721981722,0.13938190042972565
0.13180068076558227,0.1721981721981722,0.139379620552063
0.13180068076558227,0.17267917267917268,0.13937896490097046
0.1324702862563473,0.17267917267917268,0.1393606811761856
0.1324702862563473,0.17316017316017315,0.13935868442058563
0.1337536967803136,0.17316017316017315,0.1393047422170639
0.1337536967803136,0.17412217412217412,0.1393042951822281
0.13403269906813237,0.17412217412217412,0.13929522037506104
0.13403269906813237,0.1746031746031746,0.13929474353790283
0.13425590089838738,0.1746031746031746,0.13928847014904022
0.13425590089838738,0.1750841750841751,0.1392858326435089
0.1343117013559511,0.1750841750841751,0.13928063213825226
0.1343117013559511,0.17604617604617603,0.1392774134874344
0.13447910272864239,0.17604617604617603,0.13927024602890015
0.13459070364376988,0.17604617604617603,0.1392679512500763
0.1348139054740249,0.17604617604617603,0.13926230370998383
0.1348139054740249,0.17652717652717653,0.13926203548908234
0.13486970593158865,0.17652717652717653,0.1392616629600525
0.13486970593158865,0.177008177008177,0.13926038146018982
0.13576251325260866,0.177008177008177,0.13923345506191254
0.13576251325260866,0.1774891774891775,0.13922816514968872
0.13710172423413872,0.1774891774891775,0.13919183611869812
0.13710172423413872,0.17845117845117844,0.1391785591840744
0.13883153841861504,0.17845117845117844,0.13909970223903656
0.1388873388761788,0.17893217893217894,0.13909223675727844
0.13966854528207132,0.17893217893217894,0.13905979692935944
0.13966854528207132,0.1794131794131794,0.1390591561794281
0.1397801461971988,0.1794131794131794,0.13905644416809082
0.1397801461971988,0.17989417989417988,0.13905632495880127
0.14000334802745382,0.17989417989417988,0.13905008137226105
0.14000334802745382,0.18037518037518038,0.13904549181461334
0.14078455443334636,0.18037518037518038,0.13901719450950623
0.14078455443334636,0.18085618085618085,0.139016255736351
0.14134255900898388,0.18085618085618085,0.13899557292461395
0.14134255900898388,0.18133718133718132,0.13899488747119904
0.14245856816025892,0.18133718133718132,0.1389533430337906
0.14245856816025892,0.18181818181818182,0.13895267248153687
0.14268176999051393,0.18181818181818182,0.1389506608247757
0.14268176999051393,0.1822991822991823,0.13894537091255188
0.14312817365102393,0.1822991822991823,0.13893412053585052
0.14312817365102393,0.1827801827801828,0.13893134891986847
0.14323977456615145,0.1827801827801828,0.13892890512943268
0.14335137548127894,0.1827801827801828,0.13892796635627747
0.14379777914178896,0.1827801827801828,0.1389123648405075
0.14379777914178896,0.18326118326118326,0.13890649378299713
0.14390938005691647,0.18326118326118326,0.1389029622077942
0.14390938005691647,0.18374218374218373,0.1389017105102539
0.14429998325986274,0.18374218374218373,0.1388859748840332
0.14429998325986274,0.1847041847041847,0.13887901604175568
0.1448021873779365,0.1847041847041847,0.13886432349681854
0.1448021873779365,0.18518518518518517,0.1388622522354126
0.14485798783550025,0.18518518518518517,0.13886074721813202
0.14485798783550025,0.18566618566618567,0.13885930180549622
0.14541599241113778,0.18566618566618567,0.1388326734304428
0.14541599241113778,0.18614718614718614,0.13883015513420105
0.14558339378382903,0.18614718614718614,0.138821080327034
0.14558339378382903,0.18710918710918711,0.13881435990333557
0.1461971988170303,0.18710918710918711,0.13879095017910004
0.1461971988170303,0.18759018759018758,0.13879036903381348
0.1463087997321578,0.18759018759018758,0.1387898027896881
0.14636460018972156,0.18759018759018758,0.1387844830751419
0.14636460018972156,0.18807118807118808,0.13878318667411804
0.14742480888343285,0.18807118807118808,0.13875161111354828
0.14742480888343285,0.18855218855218855,0.1387505829334259
0.14770381117125161,0.18855218855218855,0.13874021172523499
0.14770381117125161,0.18903318903318903,0.13873963057994843
0.14787121254394286,0.18903318903318903,0.13873475790023804
0.14787121254394286,0.18999518999519,0.13873425126075745
0.14826181574688913,0.18999518999519,0.13872531056404114
0.14826181574688913,0.19047619047619047,0.1387251764535904
0.14904302215278165,0.19047619047619047,0.13870522379875183
0.14904302215278165,0.19095719095719096,0.13870202004909515
0.1490988226103454,0.19095719095719096,0.1387016624212265
0.1490988226103454,0.1919191919191919,0.13869760930538177
0.14988002901623793,0.1919191919191919,0.13866278529167175
0.14988002901623793,0.1924001924001924,0.13865812122821808
0.15160984320071424,0.1924001924001924,0.13859562575817108
0.15160984320071424,0.19288119288119288,0.1385953575372696
0.15227944869147927,0.19288119288119288,0.13857680559158325
0.15227944869147927,0.19336219336219337,0.13857528567314148
0.15261425143686178,0.19336219336219337,0.13857360184192657
0.15261425143686178,0.19384319384319385,0.13857069611549377
0.15278165280955303,0.19384319384319385,0.13856419920921326
0.15278165280955303,0.19432419432419432,0.1385611742734909
0.15406506333351933,0.19432419432419432,0.13853013515472412
0.15406506333351933,0.19480519480519481,0.1385260820388794
0.15484626973941187,0.19480519480519481,0.13848760724067688
0.15495787065453936,0.19480519480519481,0.13848406076431274
0.15506947156966688,0.19480519480519481,0.1384785920381546
0.15506947156966688,0.19576719576719576,0.13847781717777252
0.15573907706043189,0.19576719576719576,0.13843870162963867
0.15573907706043189,0.19624819624819625,0.1384386271238327
0.15646448300876067,0.19624819624819625,0.13840258121490479
0.15646448300876067,0.19672919672919673,0.1384008377790451
0.15652028346632443,0.19672919672919673,0.13839897513389587
0.15652028346632443,0.1972101972101972,0.13839581608772278
0.15663188438145192,0.1972101972101972,0.13839149475097656
0.15663188438145192,0.19817219817219817,0.1383882761001587
0.15674348529657944,0.19817219817219817,0.13838541507720947
0.1569108866692707,0.19817219817219817,0.13838115334510803
0.1569108866692707,0.19865319865319866,0.13837213814258575
0.15702248758439818,0.19865319865319866,0.13836631178855896
0.15702248758439818,0.19913419913419914,0.13836438953876495
0.15780369399029073,0.19913419913419914,0.13833579421043396
0.15780369399029073,0.1996151996151996,0.13833333551883698
0.15802689582054572,0.1996151996151996,0.13832998275756836
0.15802689582054572,0.2000962000962001,0.13832995295524597
0.15813849673567323,0.2000962000962001,0.13832831382751465
0.15813849673567323,0.20057720057720058,0.13832661509513855
0.15925450588694828,0.20057720057720058,0.13828794658184052
0.15925450588694828,0.20105820105820105,0.13828592002391815
0.15975671000502203,0.20105820105820105,0.1382690966129303
0.15975671000502203,0.20153920153920155,0.13826671242713928
0.15997991183527704,0.20153920153920155,0.1382572054862976
0.15997991183527704,0.20202020202020202,0.13825640082359314
0.16020311366553205,0.20202020202020202,0.13825109601020813
0.16020311366553205,0.2025012025012025,0.13824927806854248
0.16031471458065957,0.2025012025012025,0.13824737071990967
0.16031471458065957,0.20298220298220299,0.1382463425397873
0.16115172144411585,0.20298220298220299,0.13822472095489502
0.16115172144411585,0.20346320346320346,0.1382237672805786
0.16126332235924334,0.20346320346320346,0.13821975886821747
0.16126332235924334,0.20394420394420396,0.13821838796138763
0.16226773059539087,0.20394420394420396,0.13817517459392548
0.16226773059539087,0.2049062049062049,0.13817036151885986
0.1623793315105184,0.2049062049062049,0.13816843926906586
0.1623793315105184,0.2053872053872054,0.13816803693771362
0.16299313654371966,0.2053872053872054,0.13815319538116455
0.16299313654371966,0.20586820586820587,0.13815270364284515
0.16310473745884715,0.20586820586820587,0.13814358413219452
0.16310473745884715,0.20634920634920634,0.13814115524291992
0.16477875118575971,0.20634920634920634,0.13807621598243713
0.16477875118575971,0.2073112073112073,0.13807348906993866
0.16500195301601472,0.2073112073112073,0.13806754350662231
0.16511355393114224,0.2073112073112073,0.13805991411209106
0.1652809553038335,0.2073112073112073,0.13805243372917175
0.1652809553038335,0.2077922077922078,0.1380518525838852
0.16544835667652474,0.2077922077922078,0.13804617524147034
0.16544835667652474,0.20827320827320828,0.13804341852664948
0.16555995759165226,0.20827320827320828,0.13804210722446442
0.16555995759165226,0.20875420875420875,0.13803884387016296
0.16567155850677975,0.20875420875420875,0.1380355954170227
0.16567155850677975,0.20923520923520925,0.1380339413881302
0.16740137269125607,0.20923520923520925,0.13797040283679962
0.16740137269125607,0.20971620971620972,0.13796736299991608
0.16952179007867865,0.20971620971620972,0.1378789097070694
0.16952179007867865,0.2101972101972102,0.13787691295146942
0.17013559511187992,0.2101972101972102,0.13785900175571442
0.17013559511187992,0.2106782106782107,0.13785895705223083
0.17019139556944368,0.2106782106782107,0.13785706460475922
0.17019139556944368,0.21115921115921116,0.13785280287265778
0.17069359968751743,0.21115921115921116,0.1378302276134491
0.17069359968751743,0.21164021164021163,0.13782814145088196
0.17091680151777244,0.21164021164021163,0.1378227025270462
0.17091680151777244,0.21212121212121213,0.13781948387622833
0.17169800792366496,0.21212121212121213,0.13778339326381683
0.17169800792366496,0.2126022126022126,0.13778218626976013
0.1722560124993025,0.2126022126022126,0.13776439428329468
0.1722560124993025,0.2130832130832131,0.13776260614395142
0.17253501478712124,0.2130832130832131,0.13775715231895447
0.17253501478712124,0.21356421356421357,0.137754887342453
0.172590815244685,0.21356421356421357,0.13775458931922913
0.172590815244685,0.21452621452621454,0.1377531737089157
0.17264661570224876,0.21452621452621454,0.13775277137756348
0.17264661570224876,0.215007215007215,0.13775146007537842
0.17292561799006753,0.215007215007215,0.13774605095386505
0.17292561799006753,0.21548821548821548,0.137740358710289
0.1740974275989063,0.21548821548821548,0.13770969212055206
0.1740974275989063,0.21645021645021645,0.13770759105682373
0.17543663858043637,0.21645021645021645,0.13766923546791077
0.17543663858043637,0.21693121693121692,0.1376676708459854
0.17588304224094636,0.21693121693121692,0.1376495510339737
0.17588304224094636,0.21741221741221742,0.1376493275165558
0.17733385413760394,0.21741221741221742,0.13760906457901
0.17733385413760394,0.2178932178932179,0.13760194182395935
0.17761285642542268,0.2178932178932179,0.13759244978427887
0.1777244573405502,0.2178932178932179,0.1375918984413147
0.1777244573405502,0.2183742183742184,0.13759079575538635
0.1778360582556777,0.2183742183742184,0.1375870704650879
0.1778360582556777,0.21885521885521886,0.13758480548858643
0.1783940628313152,0.21885521885521886,0.13756372034549713
0.17850566374644272,0.21885521885521886,0.13756278157234192
0.17895206740695274,0.21885521885521886,0.13755396008491516
0.17895206740695274,0.21933621933621933,0.13755102455615997
0.17906366832208023,0.21933621933621933,0.13754472136497498
0.17906366832208023,0.21981721981721983,0.13754403591156006
0.17939847106746276,0.21981721981721983,0.13753050565719604
0.17939847106746276,0.2202982202982203,0.1375303715467453
0.18029127838848277,0.2202982202982203,0.13749755918979645
0.18029127838848277,0.22077922077922077,0.13749665021896362
0.18079348250655655,0.22077922077922077,0.13747698068618774
0.18079348250655655,0.22126022126022127,0.13747452199459076
0.18112828525193905,0.22126022126022127,0.13746151328086853
0.18112828525193905,0.22174122174122174,0.13745512068271637
0.18129568662463033,0.22174122174122174,0.13745251297950745
0.18129568662463033,0.2227032227032227,0.13744962215423584
0.1819094916578316,0.2227032227032227,0.1374419629573822
0.1819094916578316,0.22318422318422318,0.137441024184227
0.18207689303052285,0.22318422318422318,0.13743752241134644
0.18207689303052285,0.22366522366522368,0.13743598759174347
0.1821326934880866,0.22366522366522368,0.13743343949317932
0.1821326934880866,0.22414622414622415,0.13742931187152863
0.18291389989397913,0.22414622414622415,0.13738961517810822
0.18291389989397913,0.22462722462722462,0.13738037645816803
0.18391830813012666,0.22462722462722462,0.13733886182308197
0.18391830813012666,0.22510822510822512,0.13733507692813873
0.18469951453601918,0.22510822510822512,0.13731007277965546
0.1848111154511467,0.22510822510822512,0.13730977475643158
0.1850343172814017,0.22510822510822512,0.13730601966381073
0.1850343172814017,0.2255892255892256,0.1373049020767212
0.18531331956922048,0.2255892255892256,0.13728977739810944
0.18531331956922048,0.22607022607022606,0.13728812336921692
0.18626192734780425,0.22607022607022606,0.13725416362285614
0.18637352826293174,0.22607022607022606,0.1372537761926651
0.18654092963562302,0.22607022607022606,0.1372489184141159
0.18654092963562302,0.22655122655122656,0.13724637031555176
0.1866525305507505,0.22655122655122656,0.13724614679813385
0.1866525305507505,0.22703222703222703,0.13724465668201447
0.18704313375369677,0.22703222703222703,0.13722459971904755
0.18704313375369677,0.227994227994228,0.13721781969070435
0.1871547346688243,0.227994227994228,0.13721370697021484
0.1871547346688243,0.22847522847522847,0.13721014559268951
0.18721053512638805,0.22847522847522847,0.13720877468585968
0.18721053512638805,0.22895622895622897,0.13720275461673737
0.18765693878689804,0.22895622895622897,0.1371883898973465
0.18765693878689804,0.22943722943722944,0.13718639314174652
0.1884381451927906,0.22943722943722944,0.13714873790740967
0.1884381451927906,0.2299182299182299,0.13714806735515594
0.18849394565035432,0.2299182299182299,0.1371479481458664
0.18849394565035432,0.2303992303992304,0.13714560866355896
0.1886613470230456,0.2303992303992304,0.13714420795440674
0.1886613470230456,0.23088023088023088,0.1371440887451172
0.18882874839573685,0.23088023088023088,0.13714101910591125
0.18882874839573685,0.23136123136123135,0.13713902235031128
0.1903911612075219,0.23136123136123135,0.1371016502380371
0.1903911612075219,0.23232323232323232,0.1370983123779297
0.1905027621226494,0.23232323232323232,0.13709571957588196
0.1905027621226494,0.2328042328042328,0.1370937079191208
0.19067016349534066,0.2328042328042328,0.13709042966365814
0.19067016349534066,0.2332852332852333,0.1370900273323059
0.19089336532559567,0.2332852332852333,0.13708683848381042
0.19089336532559567,0.23376623376623376,0.1370820552110672
0.1917861726466157,0.23376623376623376,0.13705024123191833
0.1917861726466157,0.23424723424723426,0.13704648613929749
0.19195357401930696,0.23424723424723426,0.1370459645986557
0.19195357401930696,0.23472823472823473,0.13704536855220795
0.19251157859494447,0.23472823472823473,0.13703186810016632
0.19251157859494447,0.2352092352092352,0.13703081011772156
0.1942413927794208,0.2352092352092352,0.13696926832199097
0.1942413927794208,0.2356902356902357,0.13696864247322083
0.19435299369454828,0.2356902356902357,0.13696271181106567
0.19435299369454828,0.23617123617123617,0.1369621455669403
0.1944645946096758,0.23617123617123617,0.13695776462554932
0.1944645946096758,0.23665223665223664,0.13695640861988068
0.19496679872774958,0.23665223665223664,0.13694354891777039
0.19496679872774958,0.23713323713323714,0.13694339990615845
0.19563640421851458,0.23713323713323714,0.13693390786647797
0.19563640421851458,0.2376142376142376,0.13693355023860931
0.1957480051336421,0.2376142376142376,0.13693158328533173
0.1957480051336421,0.23905723905723905,0.13693010807037354
0.1960828078790246,0.23905723905723905,0.13691487908363342
0.1960828078790246,0.23953823953823955,0.13691012561321259
0.19636181016684337,0.23953823953823955,0.13690173625946045
0.19636181016684337,0.24001924001924002,0.136900395154953
0.19652921153953462,0.24001924001924002,0.13689406216144562
0.19652921153953462,0.2405002405002405,0.13689075410366058
0.19669661291222587,0.2405002405002405,0.1368878334760666
0.19669661291222587,0.240981240981241,0.13688763976097107
0.1970314156576084,0.240981240981241,0.13687929511070251
0.1970314156576084,0.24146224146224146,0.13687820732593536
0.19708721611517213,0.24146224146224146,0.13687720894813538
0.19708721611517213,0.24194324194324193,0.1368752419948578
0.19770102114837343,0.24194324194324193,0.13685497641563416
0.19781262206350092,0.24194324194324193,0.13685494661331177
0.1986496289269572,0.24194324194324193,0.13683658838272095
0.1986496289269572,0.24242424242424243,0.1368347704410553
0.19904023212990346,0.24242424242424243,0.1368253082036972
0.19904023212990346,0.24338624338624337,0.13682252168655396
0.19976563807823225,0.24338624338624337,0.1368001401424408
0.19976563807823225,0.24386724386724387,0.13679786026477814
0.20021204173874227,0.24386724386724387,0.13678176701068878
0.20021204173874227,0.24482924482924484,0.13677477836608887
0.20065844539925226,0.24482924482924484,0.1367540806531906
0.20065844539925226,0.2453102453102453,0.13675357401371002
0.20077004631437978,0.2453102453102453,0.13675153255462646
0.20077004631437978,0.24579124579124578,0.13674867153167725
0.20199765638078232,0.24579124579124578,0.13671815395355225
0.20199765638078232,0.24675324675324675,0.13671748340129852
0.2027230623291111,0.24675324675324675,0.13669651746749878
0.2027230623291111,0.24723424723424722,0.1366928666830063
0.20344846827743987,0.24723424723424722,0.13667534291744232
0.20344846827743987,0.24771524771524772,0.13667519390583038
0.20372747056525864,0.24771524771524772,0.13666239380836487
0.20372747056525864,0.2481962481962482,0.13665975630283356
0.2037832710228224,0.2481962481962482,0.13665860891342163
0.2037832710228224,0.24867724867724866,0.13665853440761566
0.2038948719379499,0.24867724867724866,0.13665780425071716
0.2038948719379499,0.24963924963924963,0.13665521144866943
0.2048434797165337,0.24963924963924963,0.13662326335906982
0.2048434797165337,0.25012025012025013,0.13662290573120117
0.20501088108922494,0.25012025012025013,0.13662119209766388
0.20501088108922494,0.2510822510822511,0.13662046194076538
0.20590368841024495,0.2510822510822511,0.13659682869911194
0.20590368841024495,0.25156325156325154,0.13659606873989105
0.20623849115562748,0.25156325156325154,0.13658973574638367
0.20623849115562748,0.25204425204425207,0.13658961653709412
0.20707549801908376,0.25204425204425207,0.136574387550354
0.20707549801908376,0.25252525252525254,0.13657410442829132
0.20780090396741252,0.25252525252525254,0.13655325770378113
0.20780090396741252,0.253006253006253,0.13655215501785278
0.2085263099157413,0.253006253006253,0.1365353912115097
0.2085263099157413,0.2534872534872535,0.13653431832790375
0.20947491769432508,0.2534872534872535,0.13650132715702057
0.20947491769432508,0.25396825396825395,0.1365010291337967
0.20964231906701636,0.25396825396825395,0.1364910751581192
0.20964231906701636,0.2544492544492544,0.13649038970470428
0.2099213213548351,0.2544492544492544,0.13648240268230438
0.2099213213548351,0.25493025493025495,0.13647909462451935
0.21042352547290888,0.25493025493025495,0.13646814227104187
0.21042352547290888,0.2554112554112554,0.1364680975675583
0.21176273645443894,0.2554112554112554,0.13643793761730194
0.21176273645443894,0.2558922558922559,0.13643725216388702
0.21209753919982144,0.2558922558922559,0.13642890751361847
0.21209753919982144,0.25637325637325636,0.13642814755439758
0.2121533396573852,0.25637325637325636,0.13642770051956177
0.2121533396573852,0.25685425685425683,0.13641919195652008
0.2122649405725127,0.25685425685425683,0.1364126205444336
0.2122649405725127,0.25733525733525736,0.1364106386899948
0.21232074103007645,0.25733525733525736,0.13641057908535004
0.21232074103007645,0.25781625781625783,0.13640858232975006
0.21287874560571396,0.25781625781625783,0.136396586894989
0.21287874560571396,0.2582972582972583,0.1363954395055771
0.2134367501813515,0.2582972582972583,0.13638269901275635
0.213548351096479,0.2582972582972583,0.136382058262825
0.213548351096479,0.2587782587782588,0.13638094067573547
0.21371575246917024,0.2587782587782588,0.136374369263649
0.213771552926734,0.25925925925925924,0.13637396693229675
0.21416215612968026,0.25925925925925924,0.13635890185832977
0.21416215612968026,0.2597402597402597,0.1363576203584671
0.21444115841749903,0.2597402597402597,0.13634684681892395
0.21444115841749903,0.26022126022126024,0.13634438812732697
0.2148317616204453,0.26022126022126024,0.13633351027965546
0.2148317616204453,0.2607022607022607,0.13633275032043457
0.21522236482339155,0.2607022607022607,0.13632506132125854
0.21522236482339155,0.2611832611832612,0.13632337749004364
0.21550136711121032,0.2611832611832612,0.13631875813007355
0.21550136711121032,0.26166426166426165,0.13631874322891235
0.21572456894146533,0.26166426166426165,0.1363157033920288
0.21572456894146533,0.2621452621452621,0.13631004095077515
0.2161151721444116,0.2621452621452621,0.13629409670829773
0.2161151721444116,0.26262626262626265,0.1362917721271515
0.21628257351710284,0.26262626262626265,0.13628795742988586
0.21628257351710284,0.2631072631072631,0.1362863928079605
0.2165615758049216,0.2631072631072631,0.13627880811691284
0.2165615758049216,0.2635882635882636,0.13627780973911285
0.21695217900786787,0.2635882635882636,0.13627080619335175
0.21695217900786787,0.26406926406926406,0.13626931607723236
0.21756598404106914,0.26406926406926406,0.13625413179397583
0.21756598404106914,0.265031265031265,0.13624747097492218
0.2179565872440154,0.265031265031265,0.13624361157417297
0.2179565872440154,0.265993265993266,0.13624167442321777
0.21845879136208918,0.265993265993266,0.1362229883670807
0.21845879136208918,0.2664742664742665,0.13622279465198517
0.21884939456503544,0.2664742664742665,0.13620586693286896
0.21884939456503544,0.26791726791726794,0.13620369136333466
0.2190167959377267,0.26791726791726794,0.13619747757911682
0.2190167959377267,0.2683982683982684,0.13619732856750488
0.22130461469784052,0.2683982683982684,0.1361430436372757
0.22130461469784052,0.2688792688792689,0.1361413449048996
0.22163941744322305,0.2688792688792689,0.13613446056842804
0.22163941744322305,0.26936026936026936,0.13613422214984894
0.2219184197310418,0.26936026936026936,0.13611900806427002
0.2219184197310418,0.2698412698412698,0.13611778616905212
0.22269962613693434,0.2698412698412698,0.1361045241355896
0.22269962613693434,0.2703222703222703,0.13610367476940155
0.2234250320852631,0.2703222703222703,0.13607986271381378
0.2234250320852631,0.2708032708032708,0.1360788196325302
0.2237598348306456,0.2708032708032708,0.1360694319009781
0.2237598348306456,0.2712842712842713,0.13606849312782288
0.22426203894871938,0.2712842712842713,0.13605894148349762
0.22426203894871938,0.27176527176527177,0.13605640828609467
0.2243736398638469,0.27176527176527177,0.13604646921157837
0.2243736398638469,0.27224627224627224,0.13604560494422913
0.2249316444394844,0.27224627224627224,0.13602830469608307
0.2249316444394844,0.2727272727272727,0.1360267996788025
0.22498744489704817,0.2727272727272727,0.13602569699287415
0.22498744489704817,0.27320827320827323,0.1360255628824234
0.22537804809999443,0.27320827320827323,0.13601724803447723
0.22537804809999443,0.2736892736892737,0.136014923453331
0.2262150549634507,0.2736892736892737,0.13600270450115204
0.2262150549634507,0.2741702741702742,0.1359950751066208
0.22627085542101444,0.2741702741702742,0.1359933316707611
0.22638245633614196,0.2741702741702742,0.13599270582199097
0.227275263657162,0.2741702741702742,0.13595694303512573
0.227275263657162,0.2751322751322751,0.13595488667488098
0.22772166731767202,0.2751322751322751,0.1359366774559021
0.22772166731767202,0.2756132756132756,0.13593637943267822
0.22800066960549076,0.2756132756132756,0.1359308511018753
0.22800066960549076,0.2760942760942761,0.13592994213104248
0.2290050778416383,0.2760942760942761,0.13588851690292358
0.2290050778416383,0.2765752765752766,0.1358875036239624
0.23056749065342336,0.2765752765752766,0.13584525883197784
0.23056749065342336,0.27705627705627706,0.13584278523921967
0.23106969477149714,0.27705627705627706,0.13582848012447357
0.23106969477149714,0.2775372775372775,0.1358276754617691
0.23112549522906087,0.2775372775372775,0.13582465052604675
0.23112549522906087,0.278018278018278,0.13582319021224976
0.2316834998046984,0.278018278018278,0.13580937683582306
0.2316834998046984,0.2784992784992785,0.13580898940563202
0.23212990346520843,0.2784992784992785,0.135799378156662
0.23212990346520843,0.278980278980279,0.13579915463924408
0.23246470621059093,0.278980278980279,0.13579611480236053
0.23246470621059093,0.27946127946127947,0.13579577207565308
0.23268790804084594,0.27946127946127947,0.13579127192497253
0.23268790804084594,0.27994227994227994,0.1357894241809845
0.2329669103286647,0.27994227994227994,0.135774627327919
0.2329669103286647,0.2804232804232804,0.13577008247375488
0.23319011215891972,0.2804232804232804,0.13575968146324158
0.23319011215891972,0.2809042809042809,0.13575933873653412
0.2334133139891747,0.2809042809042809,0.13575196266174316
0.2334133139891747,0.2813852813852814,0.1357518881559372
0.23385971764968472,0.2813852813852814,0.13574369251728058
0.23385971764968472,0.2818662818662819,0.13574357330799103
0.23558953183416104,0.2818662818662819,0.13569876551628113
0.23558953183416104,0.28234728234728235,0.13569770753383636
0.23609173595223482,0.28234728234728235,0.1356850415468216
0.23609173595223482,0.2828282828282828,0.13568300008773804
0.23659394007030857,0.2828282828282828,0.13567228615283966
0.23659394007030857,0.2833092833092833,0.13567136228084564
0.2369287428156911,0.2833092833092833,0.1356586217880249
0.2369287428156911,0.2837902837902838,0.1356581151485443
0.2387701579152949,0.2837902837902838,0.1356191486120224
0.2388817588304224,0.2837902837902838,0.135618194937706
0.23921656157580493,0.2837902837902838,0.1356039047241211
0.23921656157580493,0.2842712842712843,0.13560274243354797
0.23955136432118743,0.2842712842712843,0.13559503853321075
0.23955136432118743,0.28475228475228476,0.13559487462043762
0.2401651693543887,0.28475228475228476,0.13558357954025269
0.2401651693543887,0.2852332852332852,0.13558000326156616
0.24049997209977123,0.2852332852332852,0.13557474315166473
0.24049997209977123,0.2857142857142857,0.13557127118110657
0.24116957759053625,0.2857142857142857,0.13555392622947693
0.24116957759053625,0.28619528619528617,0.1355525404214859
0.24161598125104625,0.28619528619528617,0.13553673028945923
0.24161598125104625,0.2866762866762867,0.1355356127023697
0.24183918308130126,0.2866762866762867,0.13552646338939667
0.24183918308130126,0.28763828763828764,0.13552536070346832
0.24206238491155627,0.28763828763828764,0.13551469147205353
0.24206238491155627,0.2881192881192881,0.13551387190818787
0.24317839406283132,0.2881192881192881,0.13547760248184204
0.24317839406283132,0.2886002886002886,0.13547711074352264
0.24379219909603259,0.2886002886002886,0.13545764982700348
0.24379219909603259,0.2890812890812891,0.13545478880405426
0.24574521511076391,0.2890812890812891,0.13540244102478027
0.24574521511076391,0.29004329004329005,0.13540084660053253
0.24580101556832765,0.29004329004329005,0.13539956510066986
0.24580101556832765,0.2905242905242905,0.1353965550661087
0.2468054238044752,0.2905242905242905,0.13537178933620453
0.2468054238044752,0.291005291005291,0.13536910712718964
0.24730762792254896,0.291005291005291,0.13536132872104645
0.24730762792254896,0.29148629148629146,0.13536104559898376
0.24747502929524023,0.29148629148629146,0.13535813987255096
0.24747502929524023,0.29244829244829246,0.1353554129600525
0.24825623570113275,0.29244829244829246,0.13532887399196625
0.24825623570113275,0.29292929292929293,0.13532546162605286
0.2485352379889515,0.29292929292929293,0.13531339168548584
0.2485352379889515,0.2934102934102934,0.1353118121623993
0.24903744210702528,0.2934102934102934,0.13529706001281738
0.24903744210702528,0.29389129389129387,0.1352953463792801
0.24937224485240778,0.29389129389129387,0.1352873295545578
0.24937224485240778,0.2943722943722944,0.13528618216514587
0.24976284805535406,0.2943722943722944,0.13527917861938477
0.24976284805535406,0.29485329485329487,0.13527779281139374
0.2501534512583003,0.29485329485329487,0.13526952266693115
0.25020925171586406,0.29533429533429534,0.13526850938796997
0.25037665308855533,0.29533429533429534,0.1352645307779312
0.25048825400368285,0.29533429533429534,0.13525912165641785
0.25149266223983036,0.29533429533429534,0.13523949682712555
0.25149266223983036,0.2958152958152958,0.13523943722248077
0.2517158640700854,0.2958152958152958,0.13523291051387787
0.2517158640700854,0.29677729677729675,0.1352289617061615
0.25244127001841415,0.29677729677729675,0.13521559536457062
0.25244127001841415,0.2972582972582973,0.135213702917099
0.2524970704759779,0.2972582972582973,0.13521157205104828
0.2524970704759779,0.29773929773929775,0.13521096110343933
0.25277607276379666,0.29773929773929775,0.1351967453956604
0.25277607276379666,0.2982202982202982,0.1351945698261261
0.25311087550917916,0.2982202982202982,0.13518843054771423
0.25311087550917916,0.2987012987012987,0.13518434762954712
0.2532224764243067,0.2987012987012987,0.13517776131629944
0.2532224764243067,0.29918229918229916,0.13517460227012634
0.2533340773394342,0.29918229918229916,0.13517332077026367
0.2533340773394342,0.2996632996632997,0.13517144322395325
0.25361307962725294,0.2996632996632997,0.13516823947429657
0.25361307962725294,0.30014430014430016,0.13516727089881897
0.253836281457508,0.30014430014430016,0.13516275584697723
0.253836281457508,0.30062530062530063,0.13516269624233246
0.25394788237263544,0.30062530062530063,0.13516241312026978
0.25394788237263544,0.3011063011063011,0.13516125082969666
0.25405948328776295,0.3011063011063011,0.13515962660312653
0.25405948328776295,0.30158730158730157,0.13515745103359222
0.2544500864907092,0.30158730158730157,0.13514989614486694
0.2544500864907092,0.30206830206830204,0.1351493000984192
0.254505886948273,0.30206830206830204,0.13514915108680725
0.254505886948273,0.30254930254930257,0.13514678180217743
0.2548406896936555,0.30254930254930257,0.13513416051864624
0.2548406896936555,0.30303030303030304,0.13513337075710297
0.2557892974722393,0.30303030303030304,0.13510744273662567
0.2557892974722393,0.3035113035113035,0.135107159614563
0.2559008983873668,0.3035113035113035,0.13510629534721375
0.2559008983873668,0.303992303992304,0.13510628044605255
0.25617990067518553,0.303992303992304,0.13509057462215424
0.25617990067518553,0.30447330447330445,0.13509051501750946
0.2565705038781318,0.30447330447330445,0.13508333265781403
0.2565705038781318,0.304954304954305,0.1350826472043991
0.2569053066235143,0.304954304954305,0.1350722759962082
0.2569053066235143,0.30543530543530545,0.135072261095047
0.2574075107415881,0.30543530543530545,0.135057270526886
0.2574075107415881,0.3059163059163059,0.13505646586418152
0.2580213157747894,0.3059163059163059,0.135036900639534
0.2580213157747894,0.3063973063973064,0.13503426313400269
0.2589699235533731,0.3063973063973064,0.13501106202602386
0.2589699235533731,0.30687830687830686,0.1350097954273224
0.25919312538362815,0.30687830687830686,0.13500678539276123
0.25919312538362815,0.30784030784030786,0.13500522077083588
0.2603091345349032,0.30784030784030786,0.1349705308675766
0.2603091345349032,0.30832130832130833,0.13497008383274078
0.26069973773784944,0.30832130832130833,0.13495945930480957
0.26069973773784944,0.3088023088023088,0.13495859503746033
0.2608671391105407,0.3088023088023088,0.1349560022354126
0.2608671391105407,0.30928330928330927,0.13495445251464844
0.26103454048323194,0.30928330928330927,0.13494986295700073
0.26103454048323194,0.30976430976430974,0.13494984805583954
0.26114614139835945,0.30976430976430974,0.13494817912578583
0.26114614139835945,0.31024531024531027,0.13494740426540375
0.261257742313487,0.31024531024531027,0.13494150340557098
0.261257742313487,0.31072631072631074,0.13493996858596802
0.26198314826181573,0.31072631072631074,0.13492633402347565
0.26198314826181573,0.3112073112073112,0.1349245011806488
0.26242955192232575,0.3112073112073112,0.13491548597812653
0.26242955192232575,0.31216931216931215,0.13491258025169373
0.2625411528374533,0.31216931216931215,0.13491152226924896
0.2625411528374533,0.3126503126503126,0.13491123914718628
0.26326655878578203,0.3126503126503126,0.13489773869514465
0.26326655878578203,0.31313131313131315,0.13489627838134766
0.26337815970090955,0.31313131313131315,0.134890615940094
0.26337815970090955,0.3136123136123136,0.1348891407251358
0.2639919647341108,0.3136123136123136,0.13487207889556885
0.2639919647341108,0.3140933140933141,0.13486473262310028
0.2647173706824396,0.3140933140933141,0.13484503328800201
0.2647173706824396,0.31457431457431456,0.13484498858451843
0.2654427766307684,0.31457431457431456,0.1348213255405426
0.2654427766307684,0.31505531505531503,0.13482022285461426
0.2657217789185871,0.31505531505531503,0.13481590151786804
0.2657217789185871,0.31553631553631556,0.13481278717517853
0.2662239830366609,0.31553631553631556,0.13480618596076965
0.2662239830366609,0.31601731601731603,0.1348029375076294
0.26639138440935217,0.31601731601731603,0.1347981095314026
0.26639138440935217,0.3164983164983165,0.13479718565940857
0.26689358852742595,0.3164983164983165,0.1347883641719818
0.26689358852742595,0.31697931697931697,0.13478797674179077
0.26694938898498966,0.31697931697931697,0.13478778302669525
0.26694938898498966,0.3179413179413179,0.13478656113147736
0.2670051894425534,0.3179413179413179,0.134785994887352
0.2670051894425534,0.31842231842231844,0.13478580117225647
0.268009597678701,0.31842231842231844,0.1347636878490448
0.268009597678701,0.3189033189033189,0.13476045429706573
0.26823279950895595,0.3189033189033189,0.1347540020942688
0.26823279950895595,0.3193843193843194,0.13475342094898224
0.2685676022543385,0.3193843193843194,0.1347481608390808
0.2685676022543385,0.31986531986531985,0.134746715426445
0.269125606829976,0.31986531986531985,0.13473589718341827
0.269125606829976,0.3203463203463203,0.1347348988056183
0.2692372077451035,0.3203463203463203,0.13473264873027802
0.2692372077451035,0.32082732082732085,0.13473238050937653
0.26951621003292225,0.32082732082732085,0.13471917808055878
0.26951621003292225,0.3213083213083213,0.13471803069114685
0.2699068132358685,0.3213083213083213,0.13471224904060364
0.2699068132358685,0.3217893217893218,0.13471050560474396
0.2700742146085598,0.3217893217893218,0.13470780849456787
0.2700742146085598,0.32227032227032226,0.13470564782619476
0.2701858155236873,0.32227032227032226,0.13470208644866943
0.2708554210144523,0.32227032227032226,0.13468126952648163
0.27096702192957983,0.32227032227032226,0.1346788853406906
0.2716924278779086,0.32227032227032226,0.13466092944145203
0.2716924278779086,0.32275132275132273,0.13466081023216248
0.2720272306232911,0.32275132275132273,0.1346578747034073
0.2720272306232911,0.32323232323232326,0.13465763628482819
0.2727526365716199,0.32323232323232326,0.134646937251091
0.2727526365716199,0.32371332371332373,0.13464662432670593
0.2734222420623849,0.32371332371332373,0.13463228940963745
0.2734222420623849,0.3241943241943242,0.13463057577610016
0.2741476480107137,0.3241943241943242,0.134612575173378
0.2741476480107137,0.32515632515632514,0.13460981845855713
0.2770492718040288,0.32515632515632514,0.13454324007034302
0.2770492718040288,0.3256373256373256,0.13454289734363556
0.27721667317672005,0.3256373256373256,0.13454142212867737
0.27721667317672005,0.32611832611832614,0.13454130291938782
0.27738407454941133,0.32611832611832614,0.13453777134418488
0.27738407454941133,0.3265993265993266,0.134537473320961
0.2776072763796663,0.3265993265993266,0.13453242182731628
0.2776072763796663,0.3270803270803271,0.1345321089029312
0.2778304782099213,0.3270803270803271,0.13452282547950745
0.2779420791250488,0.3270803270803271,0.13452103734016418
0.2784442832431226,0.3270803270803271,0.13449569046497345
0.2784442832431226,0.32756132756132755,0.13449493050575256
0.2786674850733776,0.32756132756132755,0.13449008762836456
0.2786674850733776,0.328042328042328,0.1344883292913437
0.2792254896490151,0.328042328042328,0.13447700440883636
0.2792254896490151,0.32852332852332855,0.13447612524032593
0.2795602923943976,0.32852332852332855,0.13447007536888123
0.2795602923943976,0.3294853294853295,0.13446888327598572
0.27967189330952513,0.3294853294853295,0.1344686597585678
0.2799508955973439,0.3294853294853295,0.13446539640426636
0.2799508955973439,0.32996632996632996,0.13446293771266937
0.2800624965124714,0.32996632996632996,0.13446186482906342
0.2808437029183639,0.32996632996632996,0.13443468511104584
0.2808437029183639,0.33044733044733043,0.13443419337272644
0.28106690474861895,0.33044733044733043,0.13442908227443695
0.28106690474861895,0.3309283309283309,0.1344272345304489
0.2813459070364377,0.3309283309283309,0.1344195306301117
0.2813459070364377,0.33140933140933143,0.13441717624664307
0.28257351710284023,0.33140933140933143,0.13439086079597473
0.28257351710284023,0.3318903318903319,0.13439036905765533
0.2829641203057865,0.3318903318903319,0.13436897099018097
0.2829641203057865,0.3323713323713324,0.1343689113855362
0.28301992076335025,0.3323713323713324,0.13436858355998993
0.28301992076335025,0.33285233285233284,0.1343679279088974
0.2832431225936053,0.33285233285233284,0.1343664973974228
0.2832431225936053,0.3333333333333333,0.1343664526939392
0.28346632442386027,0.3333333333333333,0.13435973227024078
0.28346632442386027,0.33381433381433384,0.1343575268983841
0.2835779253389878,0.33381433381433384,0.13435745239257812
0.2835779253389878,0.3342953342953343,0.1343553364276886
0.2836895262541153,0.3342953342953343,0.13435305655002594
0.2836895262541153,0.3347763347763348,0.13435271382331848
0.283745326711679,0.3347763347763348,0.13435210287570953
0.283745326711679,0.33525733525733525,0.13435038924217224
0.28480553540539033,0.33525733525733525,0.13432790338993073
0.28480553540539033,0.3357383357383357,0.13432538509368896
0.28575414318397413,0.3357383357383357,0.13430708646774292
0.28575414318397413,0.3362193362193362,0.13430054485797882
0.2859773450142291,0.3362193362193362,0.13429667055606842
0.2859773450142291,0.3367003367003367,0.1342931091785431
0.28636794821717537,0.3367003367003367,0.13428424298763275
0.28636794821717537,0.3371813371813372,0.134283185005188
0.2867027509625579,0.3371813371813372,0.13427719473838806
0.2867027509625579,0.33766233766233766,0.13427656888961792
0.2879303610289604,0.33766233766233766,0.1342451125383377
0.2879303610289604,0.33814333814333813,0.1342436820268631
0.2882093633167792,0.33814333814333813,0.13423748314380646
0.2882093633167792,0.3386243386243386,0.13423553109169006
0.28832096423190673,0.3386243386243386,0.1342344731092453
0.2887673678924167,0.3386243386243386,0.1342252939939499
0.2887673678924167,0.33910533910533913,0.13422423601150513
0.290497182076893,0.33910533910533913,0.1341763138771057
0.290497182076893,0.3395863395863396,0.13417606055736542
0.29072038390714805,0.3395863395863396,0.134165421128273
0.29072038390714805,0.3400673400673401,0.13416525721549988
0.29083198482227557,0.3400673400673401,0.13416092097759247
0.29083198482227557,0.34054834054834054,0.13416017591953278
0.2908877852798393,0.34054834054834054,0.13415853679180145
0.2908877852798393,0.3415103415103415,0.1341533064842224
0.2917805926008593,0.3415103415103415,0.1341245174407959
0.2917805926008593,0.341991341991342,0.13412441313266754
0.29311980358238937,0.341991341991342,0.1340915858745575
0.29311980358238937,0.3424723424723425,0.13409005105495453
0.2941800122761007,0.3424723424723425,0.13407351076602936
0.2941800122761007,0.34295334295334295,0.13407236337661743
0.29457061547904695,0.34295334295334295,0.1340668499469757
0.29457061547904695,0.3439153439153439,0.13406604528427124
0.2946822163941744,0.3439153439153439,0.13406291604042053
0.2946822163941744,0.3448773448773449,0.13406163454055786
0.2952960214273757,0.3448773448773449,0.1340537816286087
0.2952960214273757,0.34535834535834536,0.13405226171016693
0.29568662463032197,0.34535834535834536,0.13404247164726257
0.29568662463032197,0.34583934583934584,0.1340424120426178
0.29585402600301325,0.34583934583934584,0.13403984904289246
0.29585402600301325,0.3463203463203463,0.13403840363025665
0.2964678310362145,0.3463203463203463,0.13402771949768066
0.2964678310362145,0.3468013468013468,0.13402147591114044
0.29652363149377825,0.3468013468013468,0.1340201199054718
0.29652363149377825,0.3472823472823473,0.13401971757411957
0.296802633781597,0.3472823472823473,0.13401174545288086
0.296802633781597,0.3477633477633478,0.1340094953775406
0.29713743652697955,0.3477633477633478,0.13399848341941833
0.29713743652697955,0.34824434824434825,0.13399827480316162
0.29730483789967077,0.34824434824434825,0.13399386405944824
0.29730483789967077,0.3487253487253487,0.13398730754852295
0.29736063835723453,0.3487253487253487,0.1339872181415558
0.29736063835723453,0.3496873496873497,0.1339859962463379
0.29763964064505327,0.3496873496873497,0.1339828073978424
0.29763964064505327,0.3501683501683502,0.1339823603630066
0.29803024384799953,0.3501683501683502,0.13397511839866638
0.29803024384799953,0.3511303511303511,0.13397325575351715
0.29825344567825457,0.3511303511303511,0.13396824896335602
0.29825344567825457,0.3516113516113516,0.13396814465522766
0.29897885162658333,0.3516113516113516,0.13395226001739502
0.2990346520841471,0.35209235209235207,0.13395196199417114
0.29920205345683837,0.35209235209235207,0.13394713401794434
0.29920205345683837,0.3525733525733526,0.13394592702388763
0.2994810557446571,0.3525733525733526,0.1339370757341385
0.2994810557446571,0.35305435305435307,0.13393700122833252
0.2997042575749121,0.35305435305435307,0.1339261829853058
0.2997042575749121,0.35353535353535354,0.13392576575279236
0.29992745940516713,0.35353535353535354,0.13392190635204315
0.30003906032029465,0.35353535353535354,0.13392138481140137
0.30026226215054963,0.35353535353535354,0.13391710817813873
0.30026226215054963,0.354016354016354,0.13391612470149994
0.30121086992913343,0.354016354016354,0.13389962911605835
0.30121086992913343,0.3544973544973545,0.13389939069747925
0.3017688745047709,0.3544973544973545,0.1338864117860794
0.3017688745047709,0.354978354978355,0.13388632237911224
0.30277328274091847,0.354978354978355,0.13387081027030945
0.30277328274091847,0.3554593554593555,0.13386955857276917
0.3034428882316835,0.3554593554593555,0.13384510576725006
0.3034428882316835,0.35594035594035595,0.13384486734867096
0.3038892918921935,0.35594035594035595,0.13383542001247406
0.3038892918921935,0.3564213564213564,0.13383489847183228
0.30411249372244853,0.3564213564213564,0.13382689654827118
0.30411249372244853,0.3569023569023569,0.13382217288017273
0.3043356955527035,0.3569023569023569,0.13381926715373993
0.3043356955527035,0.35738335738335736,0.13381773233413696
0.30478209921321353,0.35738335738335736,0.1338047832250595
0.30478209921321353,0.3578643578643579,0.13380441069602966
0.3048378996707773,0.3578643578643579,0.1338040679693222
0.3048378996707773,0.35834535834535836,0.13380350172519684
0.3054517047039786,0.35834535834535836,0.13379259407520294
0.3054517047039786,0.3588263588263588,0.13379184901714325
0.3056191060766698,0.3588263588263588,0.13378721475601196
0.3056191060766698,0.3593073593073593,0.13378672301769257
0.3061213101947436,0.3593073593073593,0.13377435505390167
0.3061213101947436,0.35978835978835977,0.1337740421295166
0.3064561129401261,0.35978835978835977,0.13377030193805695
0.3064561129401261,0.3602693602693603,0.13376876711845398
0.30695831705819987,0.3602693602693603,0.13376019895076752
0.30695831705819987,0.36075036075036077,0.13376012444496155
0.3072373193460186,0.36075036075036077,0.13375575840473175
0.3072373193460186,0.36123136123136124,0.1337551772594452
0.3075163216338374,0.36123136123136124,0.1337464600801468
0.3075163216338374,0.3617123617123617,0.13374605774879456
0.30757212209140117,0.3617123617123617,0.13374516367912292
0.30757212209140117,0.3621933621933622,0.1337447464466095
0.3078511243792199,0.3621933621933622,0.13373716175556183
0.3078511243792199,0.36267436267436265,0.13373689353466034
0.3087997321578037,0.36267436267436265,0.1337222307920456
0.3087997321578037,0.3631553631553632,0.13372063636779785
0.30885553261536747,0.3631553631553632,0.13371899724006653
0.30885553261536747,0.36363636363636365,0.1337161511182785
0.30907873444562245,0.36363636363636365,0.13371294736862183
0.30907873444562245,0.3641173641173641,0.1337123066186905
0.3091345349031862,0.3641173641173641,0.13371171057224274
0.3091345349031862,0.3645983645983646,0.1337115615606308
0.30974833993638745,0.3645983645983646,0.1336967796087265
0.30974833993638745,0.36507936507936506,0.13369570672512054
0.31008314268177,0.36507936507936506,0.13369213044643402
0.31008314268177,0.3655603655603656,0.13369019329547882
0.310306344512025,0.3655603655603656,0.13368284702301025
0.310306344512025,0.36604136604136606,0.1336795836687088
0.3115897550359913,0.36604136604136606,0.13365277647972107
0.3115897550359913,0.3665223665223665,0.13365007936954498
0.3118129568662463,0.3665223665223665,0.13364484906196594
0.3118129568662463,0.367003367003367,0.13364438712596893
0.31198035823893755,0.367003367003367,0.13364189863204956
0.31198035823893755,0.36748436748436747,0.13364046812057495
0.31209195915406507,0.36748436748436747,0.13364019989967346
0.31209195915406507,0.36796536796536794,0.1336372047662735
0.31214775961162883,0.36796536796536794,0.13363681733608246
0.31214775961162883,0.36892736892736894,0.13363490998744965
0.3123709614418838,0.36892736892736894,0.13363152742385864
0.3123709614418838,0.3694083694083694,0.13363149762153625
0.31371017242341387,0.3694083694083694,0.13359640538692474
0.31371017242341387,0.37037037037037035,0.13359315693378448
0.3139891747112326,0.37037037037037035,0.13358527421951294
0.3139891747112326,0.3708513708513709,0.13358497619628906
0.3141565760839239,0.3708513708513709,0.1335826814174652
0.3141565760839239,0.37133237133237135,0.13358266651630402
0.3147703811171252,0.37133237133237135,0.1335698366165161
0.3147703811171252,0.3718133718133718,0.13356907665729523
0.3148261815746889,0.3718133718133718,0.1335677206516266
0.3148261815746889,0.3722943722943723,0.13356532156467438
0.3152725852351989,0.3722943722943723,0.13355502486228943
0.3152725852351989,0.37277537277537276,0.1335531771183014
0.31627699347134647,0.37277537277537276,0.13353246450424194
0.31627699347134647,0.37325637325637323,0.13353092968463898
0.3165559957591652,0.37325637325637323,0.13352222740650177
0.3165559957591652,0.37373737373737376,0.133521169424057
0.31661179621672897,0.37373737373737376,0.13352033495903015
0.31661179621672897,0.37421837421837423,0.13351991772651672
0.317058199877239,0.37421837421837423,0.13351260125637054
0.317058199877239,0.3746993746993747,0.1335124671459198
0.31806260811338655,0.3746993746993747,0.13349784910678864
0.31806260811338655,0.37518037518037517,0.1334974765777588
0.3181184085709503,0.37518037518037517,0.1334957629442215
0.3181184085709503,0.37566137566137564,0.13349419832229614
0.3183416104012053,0.37566137566137564,0.13348336517810822
0.3183416104012053,0.37614237614237617,0.13348302245140076
0.31884381451927907,0.37614237614237617,0.13347136974334717
0.3188996149768428,0.37662337662337664,0.1334696263074875
0.3190112158919703,0.37662337662337664,0.13346651196479797
0.3190112158919703,0.3771043771043771,0.1334647834300995
0.3200714245856816,0.3771043771043771,0.13344010710716248
0.3200714245856816,0.3775853775853776,0.1334400773048401
0.32046202778862787,0.3775853775853776,0.13343413174152374
0.32046202778862787,0.37806637806637805,0.13343407213687897
0.32129903465208415,0.37806637806637805,0.133407860994339
0.32129903465208415,0.3785473785473785,0.13340675830841064
0.32163383739746665,0.3785473785473785,0.13340157270431519
0.32163383739746665,0.3795093795093795,0.1333993375301361
0.32213604151554043,0.3795093795093795,0.13339324295520782
0.32213604151554043,0.37999037999038,0.1333930939435959
0.3225266447184867,0.37999037999038,0.13338449597358704
0.3225266447184867,0.38047138047138046,0.133382186293602
0.32336365158194297,0.38047138047138046,0.13335482776165009
0.32336365158194297,0.38095238095238093,0.13335298001766205
0.32386585570001675,0.38095238095238093,0.13334453105926514
0.32386585570001675,0.38143338143338146,0.133344367146492
0.32559566988449307,0.38143338143338146,0.13330870866775513
0.32559566988449307,0.38191438191438193,0.1333085149526596
0.3257630712571843,0.38191438191438193,0.13330265879631042
0.3257630712571843,0.3823953823953824,0.1333024799823761
0.3278276881870431,0.3823953823953824,0.13325579464435577
0.3278276881870431,0.38287638287638287,0.13325271010398865
0.32805089001729815,0.38287638287638287,0.1332481950521469
0.32805089001729815,0.38335738335738334,0.13324755430221558
0.32966910328664695,0.38335738335738334,0.13321949541568756
0.32966910328664695,0.3838383838383838,0.13321943581104279
0.32978070420177447,0.3838383838383838,0.1332191824913025
0.32978070420177447,0.38431938431938434,0.13321897387504578
0.33095251381061325,0.38431938431938434,0.13319674134254456
0.33095251381061325,0.3848003848003848,0.1331925392150879
0.3313431170135595,0.3848003848003848,0.13318653404712677
0.3313431170135595,0.3852813852813853,0.13318495452404022
0.331677919758942,0.3852813852813853,0.13317975401878357
0.331677919758942,0.38576238576238575,0.1331758201122284
0.3318453211316333,0.38576238576238575,0.13317301869392395
0.3318453211316333,0.3862433862433862,0.1331719011068344
0.3324033257072708,0.3862433862433862,0.13315407931804657
0.3324033257072708,0.38672438672438675,0.1331533044576645
0.3326265275375258,0.38672438672438675,0.13314925134181976
0.3326265275375258,0.3872053872053872,0.13314908742904663
0.3327939289102171,0.3872053872053872,0.1331464648246765
0.3327939289102171,0.3876863876863877,0.13314422965049744
0.3328497293677808,0.3876863876863877,0.13314278423786163
0.3328497293677808,0.3891293891293891,0.1331367790699005
0.3332403325707271,0.3891293891293891,0.13313360512256622
0.3332403325707271,0.38961038961038963,0.13313286006450653
0.3332961330282908,0.38961038961038963,0.133131742477417
0.3332961330282908,0.3900913900913901,0.1331312656402588
0.3340215389766196,0.3900913900913901,0.13311903178691864
0.3340215389766196,0.39057239057239057,0.13311871886253357
0.33580715361865965,0.39057239057239057,0.13308098912239075
0.33580715361865965,0.39105339105339104,0.13308072090148926
0.33591875453378717,0.39105339105339104,0.13307982683181763
0.33591875453378717,0.3915343915343915,0.13307461142539978
0.3360303554489147,0.3915343915343915,0.13307227194309235
0.3360303554489147,0.39201539201539204,0.13307157158851624
0.33653255956698847,0.39201539201539204,0.13305307924747467
0.33653255956698847,0.3924963924963925,0.13305293023586273
0.33675576139724345,0.3924963924963925,0.13305114209651947
0.33675576139724345,0.392977392977393,0.13304944336414337
0.33720216505775347,0.392977392977393,0.13304483890533447
0.33720216505775347,0.3939393939393939,0.1330426186323166
0.33803917192120975,0.3939393939393939,0.1330222338438034
0.33803917192120975,0.3949013949013949,0.13301865756511688
0.338206573293901,0.3949013949013949,0.13301146030426025
0.338206573293901,0.3953823953823954,0.13301055133342743
0.33837397466659225,0.3953823953823954,0.1330094337463379
0.33848557558171977,0.3953823953823954,0.13300693035125732
0.33882037832710227,0.3953823953823954,0.1329994648694992
0.33882037832710227,0.39586339586339586,0.1329972892999649
0.33898777969979355,0.39586339586339586,0.1329944133758545
0.33898777969979355,0.39634439634439633,0.13299410045146942
0.34010378885106857,0.39634439634439633,0.13296683132648468
0.34010378885106857,0.3968253968253968,0.13296420872211456
0.3401595893086323,0.3968253968253968,0.13296154141426086
0.3401595893086323,0.39730639730639733,0.13296060264110565
0.3420568048657999,0.39730639730639733,0.13291847705841064
0.3420568048657999,0.3977873977873978,0.1329174041748047
0.3421684057809274,0.3977873977873978,0.13291561603546143
0.3421684057809274,0.39826839826839827,0.13291558623313904
0.34328441493220246,0.39826839826839827,0.1329008936882019
0.3433402153897662,0.39874939874939874,0.13289996981620789
0.3443446236259137,0.39874939874939874,0.1328795999288559
0.3443446236259137,0.3992303992303992,0.13287506997585297
0.3444004240834775,0.3992303992303992,0.1328737735748291
0.3444004240834775,0.3997113997113997,0.13287316262722015
0.34523743094693377,0.3997113997113997,0.132856085896492
0.34523743094693377,0.4001924001924002,0.13285601139068604
0.3456838346074438,0.4001924001924002,0.13284894824028015
0.3456838346074438,0.4006734006734007,0.1328488439321518
0.34674404330115505,0.4006734006734007,0.13282650709152222
0.34674404330115505,0.40115440115440115,0.13282597064971924
0.3469672451314101,0.40115440115440115,0.132822647690773
0.3469672451314101,0.4016354016354016,0.13282236456871033
0.3472462474192288,0.4016354016354016,0.13281619548797607
0.3472462474192288,0.4021164021164021,0.1328159123659134
0.34780425199486636,0.4021164021164021,0.13280759751796722
0.34780425199486636,0.4025974025974026,0.13280601799488068
0.3482506556553764,0.4025974025974026,0.13279712200164795
0.3482506556553764,0.4030784030784031,0.13279691338539124
0.3493666648066514,0.4030784030784031,0.1327744722366333
0.3493666648066514,0.40355940355940356,0.1327722668647766
0.35059427487305395,0.40355940355940356,0.13275299966335297
0.35059427487305395,0.40404040404040403,0.13275273144245148
0.351933485854584,0.40404040404040403,0.13272781670093536
0.351933485854584,0.4045214045214045,0.1327277421951294
0.35265889180291277,0.4045214045214045,0.13270926475524902
0.35265889180291277,0.405002405002405,0.13270878791809082
0.3538865018693153,0.405002405002405,0.1326928287744522
0.3538865018693153,0.4054834054834055,0.1326916217803955
0.35394230232687907,0.4054834054834055,0.13268901407718658
0.35394230232687907,0.40596440596440597,0.132688969373703
0.35422130461469786,0.40596440596440597,0.13268627226352692
0.35422130461469786,0.40644540644540644,0.13268478214740753
0.3543329055298253,0.40644540644540644,0.13268375396728516
0.3543329055298253,0.4069264069264069,0.13268280029296875
0.3546119078176441,0.4069264069264069,0.13267603516578674
0.3546677082752079,0.4074074074074074,0.13267192244529724
0.35684392612019417,0.4074074074074074,0.13263747096061707
0.35684392612019417,0.4083694083694084,0.13263365626335144
0.35734613023826794,0.4083694083694084,0.13262584805488586
0.35734613023826794,0.40885040885040885,0.13262563943862915
0.3574019306958317,0.40885040885040885,0.1326255351305008
0.3574019306958317,0.4093314093314093,0.1326250433921814
0.35745773115339546,0.4093314093314093,0.13262444734573364
0.35745773115339546,0.4098124098124098,0.13262265920639038
0.357569332068523,0.4098124098124098,0.13262228667736053
0.357569332068523,0.4102934102934103,0.13262180984020233
0.3579041348139055,0.4102934102934103,0.1326172947883606
0.3579041348139055,0.4107744107744108,0.13261689245700836
0.359131744880308,0.4107744107744108,0.13258257508277893
0.359131744880308,0.41125541125541126,0.13258251547813416
0.3596339489983818,0.41125541125541126,0.1325676143169403
0.3596339489983818,0.41173641173641173,0.1325673758983612
0.3598571508286368,0.41173641173641173,0.13256272673606873
0.3599687517437643,0.41173641173641173,0.13256224989891052
0.3603035544891468,0.41173641173641173,0.13255861401557922
0.3603035544891468,0.4122174122174122,0.13255859911441803
0.3611405613526031,0.4122174122174122,0.13254284858703613
0.3612521622677306,0.4122174122174122,0.13254281878471375
0.36130796272529436,0.4122174122174122,0.1325395405292511
0.36130796272529436,0.4126984126984127,0.1325395256280899
0.36197756821605936,0.4126984126984127,0.13253125548362732
0.36197756821605936,0.4131794131794132,0.1325296312570572
0.3628703755370794,0.4131794131794132,0.1325092613697052
0.3628703755370794,0.4136604136604137,0.13250844180583954
0.3635399810278444,0.4136604136604137,0.13249202072620392
0.3635399810278444,0.41414141414141414,0.13249127566814423
0.3637073824005357,0.41414141414141414,0.132487952709198
0.3638189833156632,0.41414141414141414,0.1324872523546219
0.36420958651860946,0.41414141414141414,0.13248419761657715
0.3642653869761732,0.4146224146224146,0.13248354196548462
0.36443278834886444,0.4146224146224146,0.1324789971113205
0.36443278834886444,0.4151034151034151,0.1324787437915802
0.3644885888064282,0.4151034151034151,0.132477805018425
0.3644885888064282,0.4155844155844156,0.1324772834777832
0.366106802075777,0.4155844155844156,0.1324407458305359
0.366106802075777,0.4160654160654161,0.132436603307724
0.36644160482115956,0.4160654160654161,0.1324290931224823
0.36644160482115956,0.41654641654641655,0.13242748379707336
0.366553205736287,0.41654641654641655,0.13242468237876892
0.366553205736287,0.417027417027417,0.1324237883090973
0.3667206071089783,0.417027417027417,0.1324213445186615
0.3667206071089783,0.4175084175084175,0.13242053985595703
0.36711121031192456,0.4175084175084175,0.13241225481033325
0.36711121031192456,0.41798941798941797,0.1324121654033661
0.3672228112270521,0.41798941798941797,0.13241097331047058
0.36727861168461584,0.4184704184704185,0.13240742683410645
0.3694548295296021,0.4184704184704185,0.13236795365810394
0.3694548295296021,0.41943241943241943,0.13236643373966217
0.36967803135985716,0.41943241943241943,0.13236257433891296
0.36967803135985716,0.4199134199134199,0.1323615312576294
0.37001283410523966,0.4199134199134199,0.1323559731245041
0.37001283410523966,0.4203944203944204,0.13235491514205933
0.3705708386808772,0.4203944203944204,0.13234581053256989
0.3705708386808772,0.4208754208754209,0.132344588637352
0.37068243959600466,0.4208754208754209,0.13234204053878784
0.37068243959600466,0.4213564213564214,0.13233910501003265
0.3709056414262597,0.4213564213564214,0.13233566284179688
0.3709056414262597,0.42183742183742184,0.1323356330394745
0.3719100496624072,0.42183742183742184,0.1323145180940628
0.3719100496624072,0.4223184223184223,0.13231441378593445
0.37213325149266224,0.4223184223184223,0.13230633735656738
0.37224485240778976,0.4223184223184223,0.1323029100894928
0.37291445789855476,0.4223184223184223,0.13229456543922424
0.37291445789855476,0.4227994227994228,0.13229334354400635
0.3749790748284136,0.4227994227994228,0.13225165009498596
0.3749790748284136,0.42328042328042326,0.1322515606880188
0.3757602812343061,0.42328042328042326,0.13223686814308167
0.3757602812343061,0.4237614237614238,0.13223528861999512
0.3765972880977624,0.4237614237614238,0.13220824301242828
0.3765972880977624,0.4247234247234247,0.13220611214637756
0.37693209084314494,0.4247234247234247,0.13220012187957764
0.37693209084314494,0.4252044252044252,0.1321997493505478
0.37698789130070864,0.4252044252044252,0.13219919800758362
0.37698789130070864,0.42568542568542567,0.13219846785068512
0.37709949221583616,0.42568542568542567,0.13219529390335083
0.37709949221583616,0.4261664261664262,0.13219459354877472
0.3771552926733999,0.4261664261664262,0.13219432532787323
0.3771552926733999,0.42664742664742666,0.13219383358955383
0.3774900954187824,0.42664742664742666,0.13218560814857483
0.3774900954187824,0.42712842712842713,0.13218547403812408
0.3779922995368562,0.42712842712842713,0.1321718394756317
0.3779922995368562,0.4276094276094276,0.1321694552898407
0.3787735059427487,0.4276094276094276,0.13214822113513947
0.3787735059427487,0.4280904280904281,0.13214807212352753
0.37888510685787624,0.4280904280904281,0.13214530050754547
0.37888510685787624,0.42857142857142855,0.13214294612407684
0.37899670777300376,0.42857142857142855,0.13213925063610077
0.37905250823056746,0.4290524290524291,0.13213875889778137
0.37905250823056746,0.42953342953342954,0.13213787972927094
0.3791083086881312,0.42953342953342954,0.13213758170604706
0.3791083086881312,0.43001443001443,0.13213661313056946
0.37983371463646004,0.43001443001443,0.13212841749191284
0.3799453155515875,0.43001443001443,0.1321280598640442
0.3806707214999163,0.43001443001443,0.13210700452327728
0.3806707214999163,0.4304954304954305,0.13210685551166534
0.38111712516042634,0.4304954304954305,0.13209737837314606
0.38111712516042634,0.43097643097643096,0.13209684193134308
0.3813961274482451,0.43097643097643096,0.13208691775798798
0.3813961274482451,0.4314574314574315,0.13208548724651337
0.3815635288209363,0.4314574314574315,0.13207824528217316
0.3815635288209363,0.43193843193843195,0.13207675516605377
0.3818425311087551,0.43193843193843195,0.13207456469535828
0.3818425311087551,0.4324194324194324,0.13207349181175232
0.3822889347692651,0.4324194324194324,0.13206139206886292
0.3822889347692651,0.4329004329004329,0.13206134736537933
0.3823447352268289,0.4329004329004329,0.13206125795841217
0.3823447352268289,0.43338143338143337,0.13205812871456146
0.3830143407175939,0.43338143338143337,0.13204967975616455
0.3830143407175939,0.43386243386243384,0.13204893469810486
0.3833491434629764,0.43386243386243384,0.13204166293144226
0.3833491434629764,0.43434343434343436,0.1320410817861557
0.38479995535963396,0.43434343434343436,0.13201278448104858
0.38479995535963396,0.43482443482443484,0.1320127248764038
0.385246359020144,0.43482443482443484,0.1320067048072815
0.385246359020144,0.4353054353054353,0.13200530409812927
0.38597176496847274,0.4353054353054353,0.1319919228553772
0.38597176496847274,0.4357864357864358,0.13199137151241302
0.38658557000167404,0.4357864357864358,0.13198091089725494
0.38658557000167404,0.43626743626743625,0.13197918236255646
0.38708777411974776,0.43626743626743625,0.13196973502635956
0.38708777411974776,0.4367484367484368,0.13196924328804016
0.3889291892193516,0.4367484367484368,0.13193868100643158
0.3889291892193516,0.43722943722943725,0.13193738460540771
0.3902125997433179,0.43722943722943725,0.13191723823547363
0.3902125997433179,0.4377104377104377,0.13191699981689453
0.3904358015735729,0.4377104377104377,0.13191473484039307
0.3905474024887004,0.4377104377104377,0.13191461563110352
0.3910496066067742,0.4377104377104377,0.13190290331840515
0.3911612075219017,0.4377104377104377,0.13189731538295746
0.39121700797946546,0.4377104377104377,0.13189689815044403
0.39121700797946546,0.4381914381914382,0.13189579546451569
0.39155181072484796,0.4381914381914382,0.13189010322093964
0.39155181072484796,0.43867243867243866,0.13188980519771576
0.3918308130126667,0.43867243867243866,0.13188579678535461
0.3918308130126667,0.43915343915343913,0.13188457489013672
0.3925004185034317,0.43915343915343913,0.13187478482723236
0.3925004185034317,0.43963443963443966,0.13187402486801147
0.3932258244517605,0.43963443963443966,0.13185836374759674
0.3932258244517605,0.4401154401154401,0.13185745477676392
0.393337425366888,0.4401154401154401,0.13185560703277588
0.393337425366888,0.44107744107744107,0.13185086846351624
0.3937280285698343,0.44107744107744107,0.13184411823749542
0.3937280285698343,0.44155844155844154,0.13184401392936707
0.39545784275431056,0.44155844155844154,0.13180719316005707
0.39545784275431056,0.44203944203944207,0.13180427253246307
0.3955136432118743,0.44203944203944207,0.13180312514305115
0.3955136432118743,0.4434824434824435,0.13180053234100342
0.39562524412700184,0.4434824434824435,0.13179580867290497
0.39562524412700184,0.44396344396344395,0.1317940056324005
0.39573684504212936,0.44396344396344395,0.13179267942905426
0.3958484459572568,0.44396344396344395,0.13179215788841248
0.39757826014173314,0.44396344396344395,0.13175997138023376
0.39757826014173314,0.4444444444444444,0.13175980746746063
0.3976340605992969,0.4444444444444444,0.13175521790981293
0.3976340605992969,0.44492544492544495,0.13175371289253235
0.3979688633446794,0.44492544492544495,0.13174906373023987
0.3979688633446794,0.4454064454064454,0.13174857199192047
0.3983594665476257,0.4454064454064454,0.1317383199930191
0.3984710674627532,0.4454064454064454,0.13173668086528778
0.39897327158082696,0.4454064454064454,0.13171973824501038
0.39897327158082696,0.4458874458874459,0.13171720504760742
0.3990848724959545,0.4458874458874459,0.13171598315238953
0.399196473411082,0.4458874458874459,0.1317158192396164
0.39981027844428324,0.4458874458874459,0.13170599937438965
0.39981027844428324,0.44636844636844636,0.1317056268453598
0.39992187935941076,0.44636844636844636,0.1317041516304016
0.4015958930863233,0.44636844636844636,0.13166514039039612
0.4015958930863233,0.44684944684944683,0.13166363537311554
0.40204229674683334,0.44684944684944683,0.13165895640850067
0.40204229674683334,0.44733044733044736,0.13165734708309174
0.40237709949221584,0.44733044733044736,0.13164740800857544
0.40237709949221584,0.4478114478114478,0.13164688646793365
0.4029351040678534,0.4478114478114478,0.13163891434669495
0.4029351040678534,0.4482924482924483,0.13163848221302032
0.4051671223704034,0.4482924482924483,0.13159014284610748
0.4051671223704034,0.44877344877344877,0.13158893585205078
0.40594832877629594,0.44877344877344877,0.1315719336271286
0.40594832877629594,0.44925444925444924,0.13157176971435547
0.4061157301489872,0.44925444925444924,0.1315694898366928
0.4061157301489872,0.45021645021645024,0.13156834244728088
0.40639473243680596,0.45021645021645024,0.13156446814537048
0.40639473243680596,0.4506974506974507,0.13156375288963318
0.406617934267061,0.4506974506974507,0.13155969977378845
0.406617934267061,0.4511784511784512,0.13155902922153473
0.40667373472462476,0.4511784511784512,0.13155828416347504
0.40667373472462476,0.45165945165945165,0.13155734539031982
0.40689693655487974,0.45165945165945165,0.13155284523963928
0.40689693655487974,0.4521404521404521,0.1315508484840393
0.4069527370124435,0.4521404521404521,0.1315501481294632
0.4069527370124435,0.45262145262145265,0.13154980540275574
0.4075665420456448,0.45262145262145265,0.13153894245624542
0.4075665420456448,0.4535834535834536,0.13153640925884247
0.40795714524859106,0.4535834535834536,0.13153085112571716
0.40795714524859106,0.45406445406445406,0.1315304934978485
0.4080129457061548,0.45406445406445406,0.1315288096666336
0.4080129457061548,0.45454545454545453,0.13152799010276794
0.4089057530271748,0.45454545454545453,0.1315089762210846
0.4089057530271748,0.455026455026455,0.13150839507579803
0.40896155348473856,0.455026455026455,0.1315079927444458
0.40896155348473856,0.455988455988456,0.13150648772716522
0.4094079571452486,0.455988455988456,0.13150180876255035
0.4094079571452486,0.45646945646945647,0.13150006532669067
0.4096869594330674,0.45646945646945647,0.13149598240852356
0.4096869594330674,0.45791245791245794,0.13149036467075348
0.41024496400870486,0.45791245791245794,0.13147616386413574
0.41024496400870486,0.4583934583934584,0.1314760148525238
0.41052396629652366,0.4583934583934584,0.13147081434726715
0.41052396629652366,0.4588744588744589,0.1314706653356552
0.4108029685843424,0.4588744588744589,0.13146838545799255
0.4108029685843424,0.45935545935545935,0.131468266248703
0.41270018414150994,0.45935545935545935,0.1314326673746109
0.41270018414150994,0.4598364598364598,0.13143174350261688
0.4127559845990737,0.4598364598364598,0.13143135607242584
0.41281178505663746,0.4603174603174603,0.1314307004213333
0.4128675855142012,0.4603174603174603,0.13143017888069153
0.4128675855142012,0.4607984607984608,0.13142940402030945
0.41297918642932874,0.4607984607984608,0.13142935931682587
0.41297918642932874,0.4612794612794613,0.13142819702625275
0.4130907873444562,0.4612794612794613,0.13142740726470947
0.4130907873444562,0.46176046176046176,0.13142673671245575
0.41314658780201996,0.46176046176046176,0.1314253807067871
0.41314658780201996,0.46224146224146223,0.13142460584640503
0.4134813905474025,0.46224146224146223,0.13141842186450958
0.4134813905474025,0.4627224627224627,0.1314169317483902
0.41364879192009374,0.4627224627224627,0.13141323626041412
0.41364879192009374,0.46320346320346323,0.13141320645809174
0.41442999832598626,0.46320346320346323,0.13140340149402618
0.41442999832598626,0.4636844636844637,0.1314028799533844
0.41459739969867754,0.4636844636844637,0.13140197098255157
0.41459739969867754,0.46464646464646464,0.1313997507095337
0.4146532001562413,0.46464646464646464,0.13139967620372772
0.4146532001562413,0.4651274651274651,0.13139963150024414
0.41537860610457006,0.4651274651274651,0.13138188421726227
0.4154344065621338,0.4656084656084656,0.13137763738632202
0.41554600747726134,0.4656084656084656,0.1313757747411728
0.41554600747726134,0.4660894660894661,0.1313750296831131
0.4156576083923888,0.4660894660894661,0.13137365877628326
0.4156576083923888,0.4665704665704666,0.13137055933475494
0.41655041571340884,0.4665704665704666,0.1313478946685791
0.41666201662853636,0.4665704665704666,0.13134750723838806
0.41716422074661014,0.4665704665704666,0.13133780658245087
0.41716422074661014,0.46705146705146705,0.13133685290813446
0.4172200212041739,0.46705146705146705,0.13133671879768372
0.41733162211930136,0.46705146705146705,0.1313348114490509
0.41733162211930136,0.4675324675324675,0.13133414089679718
0.4178896266949389,0.4675324675324675,0.1313185691833496
0.4178896266949389,0.468013468013468,0.13131695985794067
0.41816862898275764,0.468013468013468,0.1313135325908661
0.41816862898275764,0.4684944684944685,0.13131169974803925
0.4183360303554489,0.4684944684944685,0.13131093978881836
0.4183360303554489,0.468975468975469,0.13131015002727509
0.4193962390491602,0.468975468975469,0.13128744065761566
0.4193962390491602,0.46945646945646946,0.13128723204135895
0.41956364042185146,0.46945646945646946,0.13128527998924255
0.41956364042185146,0.46993746993746993,0.13128480315208435
0.41978684225210644,0.46993746993746993,0.13128261268138885
0.41978684225210644,0.4704184704184704,0.1312812715768814
0.4200100440823615,0.4704184704184704,0.13127624988555908
0.4200100440823615,0.4708994708994709,0.13127568364143372
0.42051224820043526,0.4708994708994709,0.1312660425901413
0.42051224820043526,0.47186147186147187,0.13126511871814728
0.4224094637576028,0.47186147186147187,0.13122184574604034
0.4224094637576028,0.47234247234247234,0.13122087717056274
0.4226884660454216,0.47234247234247234,0.1312124878168106
0.4226884660454216,0.4728234728234728,0.131211057305336
0.42280006696054906,0.4728234728234728,0.13121001422405243
0.4231906701634953,0.4728234728234728,0.1312037855386734
0.4231906701634953,0.4733044733044733,0.1312006413936615
0.4232464706210591,0.4733044733044733,0.13119950890541077
0.4232464706210591,0.4737854737854738,0.1311994194984436
0.4233580715361866,0.4737854737854738,0.13119666278362274
0.4236928742815691,0.4737854737854738,0.13119029998779297
0.4236928742815691,0.47474747474747475,0.13118915259838104
0.42391607611182414,0.47474747474747475,0.13118702173233032
0.4240276770269516,0.47474747474747475,0.1311856210231781
0.42441828022989786,0.47474747474747475,0.13118354976177216
0.42441828022989786,0.4752284752284752,0.13118213415145874
0.4261480944143742,0.4752284752284752,0.1311499923467636
0.4261480944143742,0.4757094757094757,0.13114966452121735
0.42620389487193794,0.4757094757094757,0.1311492770910263
0.42620389487193794,0.47619047619047616,0.13114669919013977
0.4263712962446292,0.47619047619047616,0.13114458322525024
0.4263712962446292,0.4766714766714767,0.13114438951015472
0.42653869761732044,0.4766714766714767,0.13114269077777863
0.42653869761732044,0.47715247715247716,0.13114267587661743
0.42681769990513924,0.47715247715247716,0.1311372071504593
0.42681769990513924,0.47763347763347763,0.13113635778427124
0.4269293008202667,0.47763347763347763,0.13113383948802948
0.4269293008202667,0.4781144781144781,0.1311333030462265
0.42698510127783046,0.4781144781144781,0.13113215565681458
0.42698510127783046,0.4785954785954786,0.1311321258544922
0.42715250265052174,0.4785954785954786,0.1311301290988922
0.42715250265052174,0.4790764790764791,0.13112837076187134
0.4284917136320518,0.4790764790764791,0.1311049908399582
0.4284917136320518,0.47955747955747957,0.13110437989234924
0.4302215278165281,0.47955747955747957,0.1310797482728958
0.4302215278165281,0.48003848003848004,0.1310795396566391
0.4304447296467831,0.48003848003848004,0.13107435405254364
0.4304447296467831,0.4805194805194805,0.13107268512248993
0.4306121310194744,0.4805194805194805,0.13107115030288696
0.4306121310194744,0.481000481000481,0.13107040524482727
0.4312259360526756,0.481000481000481,0.13106194138526917
0.4312259360526756,0.48148148148148145,0.13106055557727814
0.4312817365102394,0.48148148148148145,0.13105854392051697
0.4312817365102394,0.481962481962482,0.13105833530426025
0.4317281401707494,0.481962481962482,0.1310519129037857
0.4317281401707494,0.4834054834054834,0.1310504972934723
0.4318397410858769,0.4834054834054834,0.13104869425296783
0.4318397410858769,0.48388648388648386,0.1310482621192932
0.43211874337369566,0.48388648388648386,0.13104476034641266
0.43211874337369566,0.4843674843674844,0.13104364275932312
0.4326767479493332,0.4843674843674844,0.13103242218494415
0.4327883488644607,0.4843674843674844,0.13103237748146057
0.4328441493220244,0.4843674843674844,0.13103215396404266
0.4328441493220244,0.48484848484848486,0.13103125989437103
0.4334579543552257,0.48484848484848486,0.13102048635482788
0.4334579543552257,0.48532948532948533,0.13101941347122192
0.4335137548127895,0.48532948532948533,0.13101907074451447
0.4335137548127895,0.4862914862914863,0.1310177892446518
0.4337927571006082,0.4862914862914863,0.1310136914253235
0.4337927571006082,0.48725348725348727,0.13100992143154144
0.43401595893086325,0.48725348725348727,0.13100850582122803
0.43401595893086325,0.48773448773448774,0.13100777566432953
0.4344065621338095,0.48773448773448774,0.13099907338619232
0.4344065621338095,0.4882154882154882,0.1309979110956192
0.43518776853970204,0.4882154882154882,0.13098856806755066
0.43518776853970204,0.4886964886964887,0.13098850846290588
0.43529936945482955,0.4886964886964887,0.13098837435245514
0.43529936945482955,0.48917748917748916,0.1309882402420044
0.4360805758607221,0.48917748917748916,0.13096678256988525
0.4360805758607221,0.4896584896584897,0.1309664100408554
0.4369733831817421,0.4896584896584897,0.1309514343738556
0.4369733831817421,0.4906204906204906,0.13094963133335114
0.4370291836393058,0.4906204906204906,0.13094867765903473
0.4370291836393058,0.4911014911014911,0.130947083234787
0.4376429886725071,0.4911014911014911,0.13093610107898712
0.4376429886725071,0.49158249158249157,0.13093511760234833
0.4381451927905809,0.49158249158249157,0.13092875480651855
0.4381451927905809,0.49206349206349204,0.13092823326587677
0.4398750069750572,0.49206349206349204,0.13090181350708008
0.4398750069750572,0.49254449254449256,0.1308998465538025
0.44048881200825846,0.49254449254449256,0.13088619709014893
0.44048881200825846,0.49302549302549303,0.13088524341583252
0.4429998325986273,0.49302549302549303,0.13082772493362427
0.4429998325986273,0.4935064935064935,0.13082748651504517
0.4432788348864461,0.4935064935064935,0.13082237541675568
0.4432788348864461,0.493987493987494,0.13082215189933777
0.44339043580157356,0.493987493987494,0.13082191348075867
0.44339043580157356,0.49446849446849445,0.13082079589366913
0.44484124769823113,0.49446849446849445,0.13079597055912018
0.44484124769823113,0.494949494949495,0.13079480826854706
0.44517605044361364,0.494949494949495,0.1307884305715561
0.44517605044361364,0.49543049543049544,0.1307881474494934
0.4454550527314324,0.49543049543049544,0.1307852417230606
0.4454550527314324,0.4959114959114959,0.13078489899635315
0.44712906645834494,0.4959114959114959,0.13075557351112366
0.44712906645834494,0.4963924963924964,0.13075518608093262
0.4476870710339825,0.4963924963924964,0.13074639439582825
0.44779867194911,0.4963924963924964,0.13074490427970886
0.448021873779365,0.4963924963924964,0.13074257969856262
0.448021873779365,0.4973544973544973,0.13074016571044922
0.44852407789743876,0.4973544973544973,0.1307329535484314
0.44852407789743876,0.4983164983164983,0.13073106110095978
0.44936108476089504,0.4983164983164983,0.13071823120117188
0.44936108476089504,0.49927849927849927,0.1307150274515152
0.4498632888789688,0.49927849927849927,0.1307065635919571
0.4498632888789688,0.49975949975949974,0.13070610165596008
0.4505886948272976,0.49975949975949974,0.13069888949394226
0.4505886948272976,0.5002405002405003,0.13069546222686768
0.45064449528486134,0.5002405002405003,0.13069355487823486
0.45064449528486134,0.5007215007215007,0.13069099187850952
0.4513699012331901,0.5007215007215007,0.13067641854286194
0.4513699012331901,0.5021645021645021,0.1306726038455963
0.4514815021483176,0.5021645021645021,0.1306699514389038
0.45159310306344513,0.5021645021645021,0.13066907227039337
0.45159310306344513,0.5026455026455027,0.13066905736923218
0.4522069080966464,0.5026455026455027,0.1306530237197876
0.4523185090117739,0.5026455026455027,0.13065223395824432
0.4528207131298477,0.5026455026455027,0.130644291639328
0.4528207131298477,0.5031265031265031,0.1306442767381668
0.45287651358741143,0.5031265031265031,0.1306431144475937
0.4530997154176664,0.5031265031265031,0.1306426227092743
0.454104123653814,0.5031265031265031,0.1306205540895462
0.454104123653814,0.5036075036075036,0.13061942160129547
0.45466212822945146,0.5036075036075036,0.13060498237609863
0.45466212822945146,0.5040885040885041,0.13060252368450165
0.4547179286870152,0.5045695045695046,0.13060060143470764
0.454773729144579,0.5045695045695046,0.13059984147548676
0.454773729144579,0.5050505050505051,0.13059885799884796
0.454996930974834,0.5050505050505051,0.13059671223163605
0.454996930974834,0.506012506012506,0.13059112429618835
0.4555549355504715,0.506012506012506,0.130579873919487
0.4555549355504715,0.5064935064935064,0.13057920336723328
0.4557223369231628,0.5064935064935064,0.1305759996175766
0.4557223369231628,0.506974506974507,0.13057443499565125
0.4558339378382903,0.506974506974507,0.13057376444339752
0.4558339378382903,0.5079365079365079,0.13057151436805725
0.456336141956364,0.5079365079365079,0.13056007027626038
0.456336141956364,0.5084175084175084,0.13055914640426636
0.4563919424139278,0.5084175084175084,0.13055899739265442
0.45644774287149154,0.5088985088985089,0.13055777549743652
0.4566709447017466,0.5088985088985089,0.13055472075939178
0.4566709447017466,0.5098605098605099,0.1305539906024933
0.45739635065007533,0.5098605098605099,0.13054198026657104
0.45739635065007533,0.5113035113035113,0.1305409073829651
0.45750795156520285,0.5113035113035113,0.13053858280181885
0.45750795156520285,0.5117845117845118,0.1305384784936905
0.45784275431058535,0.5117845117845118,0.13053210079669952
0.45784275431058535,0.5122655122655123,0.13052871823310852
0.4579543552257129,0.5122655122655123,0.13052843511104584
0.4585681602589141,0.5122655122655123,0.1305185705423355
0.4585681602589141,0.5127465127465127,0.13051743805408478
0.4591819652921154,0.5127465127465127,0.13050591945648193
0.4591819652921154,0.5132275132275133,0.13050438463687897
0.46007477261313545,0.5132275132275133,0.1304894983768463
0.46007477261313545,0.5141895141895142,0.13048937916755676
0.4606885776463367,0.5141895141895142,0.13047607243061066
0.4606885776463367,0.5146705146705147,0.1304718255996704
0.46074437810390045,0.5151515151515151,0.13047121465206146
0.46096757993415544,0.5151515151515151,0.1304686963558197
0.46107918084928295,0.5151515151515151,0.1304684579372406
0.4624741922883768,0.5151515151515151,0.13044698536396027
0.46252999274594053,0.5156325156325157,0.13044697046279907
0.463087997321578,0.5156325156325157,0.13043586909770966
0.463087997321578,0.5161135161135161,0.13043548166751862
0.46319959823670553,0.5161135161135161,0.1304323524236679
0.46319959823670553,0.517075517075517,0.13042813539505005
0.4638692037274706,0.517075517075517,0.130421444773674
0.4638692037274706,0.5175565175565175,0.1304202824831009
0.46414820601528933,0.5175565175565175,0.13041210174560547
0.46414820601528933,0.5180375180375181,0.1304101049900055
0.46425980693041685,0.5180375180375181,0.1304042935371399
0.46425980693041685,0.5185185185185185,0.1304028183221817
0.46431560738798056,0.5185185185185185,0.13039980828762054
0.46431560738798056,0.518999518999519,0.13039951026439667
0.4654874169968194,0.518999518999519,0.13037873804569244
0.4654874169968194,0.51996151996152,0.13037705421447754
0.46621282294514815,0.51996151996152,0.13036313652992249
0.46621282294514815,0.5204425204425205,0.13036289811134338
0.4667708275207857,0.5204425204425205,0.13035565614700317
0.4667708275207857,0.5209235209235209,0.1303526908159256
0.46760783438424197,0.5209235209235209,0.1303326040506363
0.46760783438424197,0.5214045214045214,0.13033153116703033
0.46771943529936943,0.5214045214045214,0.13033054769039154
0.46771943529936943,0.5218855218855218,0.13033005595207214
0.4677752357569332,0.5218855218855218,0.1303296834230423
0.4677752357569332,0.5223665223665224,0.13032960891723633
0.46783103621449695,0.5223665223665224,0.13032899796962738
0.46783103621449695,0.5228475228475229,0.13032445311546326
0.46799843758718823,0.5228475228475229,0.13031725585460663
0.46799843758718823,0.5233285233285233,0.13031716644763947
0.468054238044752,0.5233285233285233,0.13031597435474396
0.468054238044752,0.5238095238095238,0.13031210005283356
0.4690586462808995,0.5238095238095238,0.13029617071151733
0.4690586462808995,0.5247715247715248,0.13029399514198303
0.469170247196027,0.5247715247715248,0.13029232621192932
0.46922604765359077,0.5247715247715248,0.13029204308986664
0.46922604765359077,0.5252525252525253,0.13029178977012634
0.469393449026282,0.5252525252525253,0.1302904188632965
0.469393449026282,0.5257335257335257,0.13029007613658905
0.4709558618380671,0.5257335257335257,0.1302623748779297
0.4709558618380671,0.5266955266955267,0.13025927543640137
0.4711232632107583,0.5266955266955267,0.13025718927383423
0.4711232632107583,0.5271765271765272,0.1302550584077835
0.4711790636683221,0.5271765271765272,0.13025502860546112
0.4711790636683221,0.5276575276575276,0.13025425374507904
0.47134646504101335,0.5276575276575276,0.13025300204753876
0.47134646504101335,0.5281385281385281,0.13025280833244324
0.47212767144690587,0.5281385281385281,0.13023799657821655
0.47212767144690587,0.5286195286195287,0.13023662567138672
0.47318788014061713,0.5286195286195287,0.13022151589393616
0.47329948105574465,0.5286195286195287,0.13022008538246155
0.4735784833435634,0.5286195286195287,0.13021478056907654
0.4735784833435634,0.5291005291005291,0.1302127242088318
0.4738574856313822,0.5291005291005291,0.13020138442516327
0.4738574856313822,0.5295815295815296,0.13020114600658417
0.47553149935829475,0.5295815295815296,0.13017317652702332
0.47553149935829475,0.53006253006253,0.13017244637012482
0.47681490988226105,0.53006253006253,0.13014967739582062
0.47681490988226105,0.5305435305435305,0.13014833629131317
0.47726131354277107,0.5305435305435305,0.13014033436775208
0.47737291445789853,0.5305435305435305,0.13013939559459686
0.47798671949109983,0.5305435305435305,0.1301240772008896
0.47798671949109983,0.5310245310245311,0.13012363016605377
0.4781541208637911,0.5310245310245311,0.1301211565732956
0.4781541208637911,0.5315055315055315,0.13011866807937622
0.4784889236091736,0.5315055315055315,0.130110964179039
0.4784889236091736,0.531986531986532,0.130110502243042
0.47960493276044863,0.531986531986532,0.13009598851203918
0.47960493276044863,0.5324675324675324,0.13009361922740936
0.47971653367557615,0.5324675324675324,0.1300920993089676
0.47971653367557615,0.5334295334295335,0.13008995354175568
0.48016293733608617,0.5334295334295335,0.13008537888526917
0.48016293733608617,0.5339105339105339,0.13008533418178558
0.48027453825121363,0.5339105339105339,0.13008423149585724
0.48027453825121363,0.5343915343915344,0.1300828456878662
0.4803303387087774,0.5343915343915344,0.13008220493793488
0.4803303387087774,0.5348725348725348,0.13007913529872894
0.48211595335081747,0.5348725348725348,0.13005028665065765
0.48211595335081747,0.5353535353535354,0.13004916906356812
0.4823391551810725,0.5353535353535354,0.13004128634929657
0.4823391551810725,0.5358345358345359,0.13004107773303986
0.4824507560962,0.5358345358345359,0.1300344318151474
0.4824507560962,0.5363155363155363,0.13003399968147278
0.4825623570113275,0.5363155363155363,0.130033940076828
0.48272975838401877,0.5363155363155363,0.13003171980381012
0.48272975838401877,0.5367965367965368,0.13003085553646088
0.48306456112940127,0.5367965367965368,0.1300264149904251
0.48306456112940127,0.5377585377585378,0.13002446293830872
0.48312036158696503,0.5377585377585378,0.1300242841243744
0.48312036158696503,0.5382395382395382,0.13002265989780426
0.4837341666201663,0.5382395382395382,0.130014106631279
0.4837341666201663,0.5387205387205387,0.13001325726509094
0.48390156799285755,0.5387205387205387,0.13001155853271484
0.48390156799285755,0.5392015392015392,0.13001057505607605
0.48507337760169633,0.5392015392015392,0.12998747825622559
0.48507337760169633,0.5396825396825397,0.12998709082603455
0.4851291780592601,0.5396825396825397,0.12998636066913605
0.4851291780592601,0.5406445406445406,0.12998417019844055
0.48518497851682385,0.5406445406445406,0.12998376786708832
0.48518497851682385,0.5411255411255411,0.12998360395431519
0.48585458400758885,0.5411255411255411,0.1299746185541153
0.48585458400758885,0.5416065416065416,0.12997332215309143
0.48680319178617265,0.5416065416065416,0.12995779514312744
0.4868589922437364,0.5420875420875421,0.12995749711990356
0.4871937949891189,0.5420875420875421,0.12995050847530365
0.4871937949891189,0.543049543049543,0.1299472600221634
0.48797500139501143,0.543049543049543,0.12992697954177856
0.48797500139501143,0.5435305435305435,0.129926860332489
0.48853300597064897,0.5435305435305435,0.1299155205488205
0.48853300597064897,0.5440115440115441,0.12991483509540558
0.48858880642821273,0.5440115440115441,0.1299135833978653
0.48858880642821273,0.5444925444925445,0.12991246581077576
0.48925841191897773,0.5444925444925445,0.12990008294582367
0.48925841191897773,0.544973544973545,0.12989982962608337
0.4895374142067965,0.544973544973545,0.12989509105682373
0.4895374142067965,0.5454545454545454,0.12989380955696106
0.489649015121924,0.5454545454545454,0.1298930048942566
0.489649015121924,0.5459355459355459,0.12989167869091034
0.49031862061268905,0.5459355459355459,0.12987744808197021
0.4904302215278165,0.5459355459355459,0.12987692654132843
0.49143462976396407,0.5459355459355459,0.12986034154891968
0.49143462976396407,0.5464165464165465,0.12985996901988983
0.4916020311366553,0.5464165464165465,0.12985675036907196
0.4916020311366553,0.5473785473785474,0.12985631823539734
0.49176943250934657,0.5473785473785474,0.12985461950302124
0.49176943250934657,0.5478595478595478,0.12985235452651978
0.49310864349087663,0.5478595478595478,0.12982293963432312
0.4933318453211316,0.5478595478595478,0.12981969118118286
0.4933318453211316,0.5483405483405484,0.12981614470481873
0.49455945538753415,0.5483405483405484,0.12979759275913239
0.49467105630266167,0.5483405483405484,0.12979568541049957
0.4948942581329167,0.5483405483405484,0.12978510558605194
0.4948942581329167,0.5488215488215489,0.1297830492258072
0.49495005859048047,0.5488215488215489,0.1297808736562729
0.49495005859048047,0.5493025493025493,0.12978048622608185
0.4954522627085542,0.5493025493025493,0.1297755390405655
0.4954522627085542,0.5497835497835498,0.12977540493011475
0.4960660677417555,0.5497835497835498,0.12976162135601044
0.4960660677417555,0.5502645502645502,0.12975981831550598
0.49662407231739303,0.5502645502645502,0.12974855303764343
0.49662407231739303,0.5507455507455508,0.12974780797958374
0.49757268009597677,0.5507455507455508,0.12973347306251526
0.49757268009597677,0.5512265512265512,0.12973329424858093
0.4980190837564868,0.5512265512265512,0.12972648441791534
0.4980190837564868,0.5517075517075517,0.12972620129585266
0.49868868924725185,0.5517075517075517,0.1297156661748886
0.49868868924725185,0.5526695526695526,0.12971453368663788
0.5001953016014732,0.5526695526695526,0.1296943873167038
0.5003069025166006,0.5526695526695526,0.12969239056110382
0.5003627029741644,0.5526695526695526,0.12969179451465607
0.5003627029741644,0.5531505531505532,0.12969152629375458
0.5009765080073657,0.5531505531505532,0.12968140840530396
0.5009765080073657,0.5536315536315536,0.12967854738235474
0.5011439093800569,0.5536315536315536,0.1296764463186264
0.5011439093800569,0.5545935545935546,0.12967580556869507
0.5021483176162045,0.5545935545935546,0.12966033816337585
0.502259918531332,0.5545935545935546,0.12965966761112213
0.502259918531332,0.555074555074555,0.1296565979719162
0.502929524022097,0.555074555074555,0.1296474039554596
0.502929524022097,0.5555555555555556,0.12964624166488647
0.5034875285977345,0.5555555555555556,0.1296372264623642
0.5034875285977345,0.556036556036556,0.12963655591011047
0.503822331343117,0.556036556036556,0.12962932884693146
0.503822331343117,0.5565175565175565,0.12962834537029266
0.504491936833882,0.5565175565175565,0.12961716949939728
0.5046035377490096,0.5565175565175565,0.12961630523204803
0.5046035377490096,0.556998556998557,0.12961629033088684
0.5056637464427208,0.556998556998557,0.12959375977516174
0.5056637464427208,0.5574795574795575,0.12959334254264832
0.5059985491881034,0.5574795574795575,0.12958967685699463
0.5059985491881034,0.557960557960558,0.12958939373493195
0.5060543496456671,0.557960557960558,0.12958626449108124
0.5060543496456671,0.5589225589225589,0.12958559393882751
0.5066123542213046,0.5589225589225589,0.12957671284675598
0.5066123542213046,0.5598845598845599,0.12957607209682465
0.5070587578818146,0.5598845598845599,0.12957075238227844
0.5070587578818146,0.5603655603655604,0.1295689344406128
0.5081189665755259,0.5603655603655604,0.129550963640213
0.5081189665755259,0.5608465608465608,0.12954968214035034
0.5085095697784722,0.5608465608465608,0.12954165041446686
0.5085095697784722,0.5613275613275613,0.12953726947307587
0.5086211706935997,0.5613275613275613,0.1295364499092102
0.5086211706935997,0.5618085618085618,0.12953440845012665
0.5087327716087272,0.5618085618085618,0.129533588886261
0.5087327716087272,0.5622895622895623,0.1295328140258789
0.5091233748116735,0.5622895622895623,0.12952609360218048
0.5091233748116735,0.5627705627705628,0.12952595949172974
0.5095697784721834,0.5627705627705628,0.12952058017253876
0.5095697784721834,0.5632515632515632,0.12952053546905518
0.5107415880810222,0.5632515632515632,0.1295059770345688
0.5107415880810222,0.5637325637325638,0.12950356304645538
0.5110205903688411,0.5637325637325638,0.12949639558792114
0.5110205903688411,0.5642135642135642,0.12949486076831818
0.5111879917415323,0.5642135642135642,0.1294936090707779
0.5111879917415323,0.5646945646945647,0.1294909119606018
0.511243792199096,0.5646945646945647,0.12949050962924957
0.511243792199096,0.5651755651755652,0.1294894814491272
0.5116343954020423,0.5651755651755652,0.12948322296142578
0.5117459963171698,0.5651755651755652,0.12948273122310638
0.5117459963171698,0.5661375661375662,0.1294822245836258
0.5128620054684448,0.5661375661375662,0.12946800887584686
0.5128620054684448,0.5666185666185666,0.1294676959514618
0.5145360191953574,0.5666185666185666,0.1294417679309845
0.5145360191953574,0.5670995670995671,0.12943877279758453
0.5150940237709949,0.5670995670995671,0.1294298768043518
0.5150940237709949,0.5675805675805676,0.12942880392074585
0.5159310306344512,0.5675805675805676,0.12941846251487732
0.5159310306344512,0.5685425685425686,0.12941740453243256
0.5163216338373975,0.5685425685425686,0.12941017746925354
0.5163216338373975,0.569023569023569,0.129410058259964
0.5166006361252162,0.569023569023569,0.1294058859348297
0.5166006361252162,0.5695045695045695,0.1294022649526596
0.5167122370403437,0.5695045695045695,0.12940159440040588
0.5183862507672563,0.5695045695045695,0.1293802708387375
0.5183862507672563,0.56998556998557,0.1293783038854599
0.5185536521399475,0.56998556998557,0.1293768584728241
0.5185536521399475,0.5704665704665705,0.1293768435716629
0.51933485854584,0.5704665704665705,0.12936708331108093
0.51933485854584,0.570947570947571,0.12936609983444214
0.5196696612912226,0.570947570947571,0.12936121225357056
0.5196696612912226,0.5714285714285714,0.12936119735240936
0.5197812622063501,0.5714285714285714,0.12935863435268402
0.5197812622063501,0.5728715728715729,0.1293565034866333
0.5202276658668601,0.5728715728715729,0.12935003638267517
0.5202276658668601,0.5733525733525734,0.12934888899326324
0.5202834663244239,0.5733525733525734,0.12934857606887817
0.5202834663244239,0.5738335738335738,0.12934836745262146
0.5203392667819876,0.5738335738335738,0.12934833765029907
0.5203392667819876,0.5747955747955747,0.12934723496437073
0.5205066681546788,0.5747955747955747,0.12934434413909912
0.5205066681546788,0.5752765752765753,0.12934374809265137
0.5206740695273702,0.5752765752765753,0.12934209406375885
0.5206740695273702,0.5757575757575758,0.1293417513370514
0.5207298699849339,0.5757575757575758,0.12934072315692902
0.5207298699849339,0.5762385762385762,0.12933918833732605
0.5210088722727526,0.5762385762385762,0.12933604419231415
0.5210088722727526,0.5772005772005772,0.12933535873889923
0.5215110763908264,0.5772005772005772,0.12932565808296204
0.5215110763908264,0.5776815776815777,0.1293254941701889
0.5216226773059539,0.5776815776815777,0.12931956350803375
0.5216226773059539,0.5781625781625782,0.12931843101978302
0.5221806818815914,0.5781625781625782,0.12931019067764282
0.5221806818815914,0.5786435786435786,0.12930937111377716
0.5222364823391552,0.5786435786435786,0.12930934131145477
0.5222364823391552,0.5791245791245792,0.12930819392204285
0.5232966910328665,0.5791245791245792,0.12929239869117737
0.5232966910328665,0.5796055796055796,0.1292913854122162
0.5233524914904302,0.5796055796055796,0.12929052114486694
0.5233524914904302,0.5800865800865801,0.1292904019355774
0.523631493778249,0.5800865800865801,0.12928621470928192
0.523631493778249,0.5805675805675806,0.12928514182567596
0.5242452988114502,0.5805675805675806,0.1292775720357895
0.5242452988114502,0.581048581048581,0.1292775422334671
0.5245243010992691,0.581048581048581,0.12927375733852386
0.5245243010992691,0.5815295815295816,0.12927305698394775
0.5251939065900341,0.5815295815295816,0.12926185131072998
0.5251939065900341,0.582010582010582,0.1292615830898285
0.5252497070475978,0.582010582010582,0.12926068902015686
0.5252497070475978,0.5824915824915825,0.12926052510738373
0.5253055075051616,0.5824915824915825,0.1292593628168106
0.5253055075051616,0.5829725829725829,0.12925803661346436
0.5259193125383628,0.5829725829725829,0.12924779951572418
0.5259193125383628,0.5834535834535834,0.12924741208553314
0.526309915741309,0.5834535834535834,0.12923960387706757
0.5264215166564366,0.5834535834535834,0.12923908233642578
0.5266447184866916,0.5834535834535834,0.12923642992973328
0.5266447184866916,0.583934583934584,0.12923578917980194
0.5277607276379667,0.583934583934584,0.12921756505966187
0.5277607276379667,0.5844155844155844,0.1292157918214798
0.529044138161933,0.5844155844155844,0.1292012333869934
0.529044138161933,0.5848965848965849,0.12920106947422028
0.5292115395346242,0.5848965848965849,0.12919746339321136
0.5292115395346242,0.5853775853775853,0.12919734418392181
0.5297695441102617,0.5853775853775853,0.12918978929519653
0.5297695441102617,0.5858585858585859,0.12918946146965027
0.530383349143463,0.5858585858585859,0.1291760951280594
0.530383349143463,0.5863395863395864,0.12917572259902954
0.5304391496010268,0.5863395863395864,0.12917375564575195
0.5304391496010268,0.5868205868205868,0.12917345762252808
0.5311645555493555,0.5868205868205868,0.12916100025177002
0.5311645555493555,0.5873015873015873,0.1291607767343521
0.5313877573796105,0.5873015873015873,0.1291552484035492
0.5313877573796105,0.5877825877825877,0.12915417551994324
0.5324479660733218,0.5877825877825877,0.12913739681243896
0.5324479660733218,0.5882635882635883,0.129137322306633
0.5330059706489593,0.5882635882635883,0.12912943959236145
0.5330059706489593,0.5887445887445888,0.12912826240062714
0.5335639752245969,0.5887445887445888,0.12911881506443024
0.5335639752245969,0.5892255892255892,0.12911836802959442
0.5351821884939456,0.5892255892255892,0.12909002602100372
0.5351821884939456,0.5897065897065897,0.12908901274204254
0.5356285921544557,0.5897065897065897,0.12908126413822174
0.5356285921544557,0.5901875901875901,0.1290808916091919
0.5357959935271469,0.5901875901875901,0.1290787160396576
0.5357959935271469,0.5906685906685907,0.12907704710960388
0.5363539981027844,0.5906685906685907,0.12906469404697418
0.5363539981027844,0.5911495911495912,0.1290634125471115
0.5369678031359857,0.5911495911495912,0.12905201315879822
0.5369678031359857,0.5925925925925926,0.12905065715312958
0.5370236035935495,0.5925925925925926,0.1290503740310669
0.5370236035935495,0.5930735930735931,0.129050150513649
0.5384186150326433,0.5930735930735931,0.12902037799358368
0.5384186150326433,0.5935545935545935,0.12901899218559265
0.538474415490207,0.5935545935545935,0.12901730835437775
0.538474415490207,0.594035594035594,0.12901704013347626
0.5387534177780258,0.594035594035594,0.12901373207569122
0.5387534177780258,0.5945165945165946,0.1290128231048584
0.539144020980972,0.5945165945165946,0.12900620698928833
0.539144020980972,0.594997594997595,0.1290048360824585
0.5394788237263546,0.594997594997595,0.12900210916996002
0.5394788237263546,0.5954785954785955,0.12900181114673615
0.5416550415713409,0.5954785954785955,0.128952294588089
0.5416550415713409,0.596921596921597,0.12894922494888306
0.5433848557558172,0.596921596921597,0.12891869246959686
0.5433848557558172,0.5974025974025974,0.1289183497428894
0.5434964566709447,0.5974025974025974,0.12891680002212524
0.5434964566709447,0.5978835978835979,0.12891629338264465
0.5440544612465822,0.5978835978835979,0.12890973687171936
0.5440544612465822,0.5983645983645983,0.12890885770320892
0.5446682662797835,0.5983645983645983,0.12889662384986877
0.5446682662797835,0.5988455988455988,0.12889592349529266
0.5452820713129848,0.5988455988455988,0.12888647615909576
0.5452820713129848,0.5993265993265994,0.12888136506080627
0.5463980804642599,0.5993265993265994,0.12886843085289001
0.5463980804642599,0.5998075998075998,0.12886804342269897
0.5473466882428436,0.5998075998075998,0.12885276973247528
0.5473466882428436,0.6002886002886003,0.1288527250289917
0.5475698900730986,0.6002886002886003,0.12884801626205444
0.547681490988226,0.6002886002886003,0.12884800136089325
0.5477372914457899,0.6002886002886003,0.1288471221923828
0.5478488923609174,0.6002886002886003,0.12884660065174103
0.5480720941911724,0.6002886002886003,0.12884239852428436
0.5480720941911724,0.6007696007696007,0.1288423240184784
0.5482952960214273,0.6007696007696007,0.12884044647216797
0.5482952960214273,0.6012506012506013,0.12883862853050232
0.5484068969365549,0.6012506012506013,0.128838449716568
0.5484068969365549,0.6017316017316018,0.12883718311786652
0.5494671056302661,0.6017316017316018,0.1288251131772995
0.5494671056302661,0.6022126022126022,0.12882421910762787
0.5503041124937225,0.6022126022126022,0.12881092727184296
0.5503041124937225,0.6026936026936027,0.1288101226091385
0.5505273143239775,0.6026936026936027,0.1288052201271057
0.5505273143239775,0.6031746031746031,0.1288049966096878
0.5508063166117962,0.6031746031746031,0.12880121171474457
0.5508063166117962,0.6036556036556037,0.1288001537322998
0.5511411193571787,0.6036556036556037,0.1287965625524521
0.5511411193571787,0.6041366041366041,0.1287948489189148
0.551531722560125,0.6041366041366041,0.12878312170505524
0.551531722560125,0.6046176046176046,0.1287829577922821
0.5516991239328163,0.6046176046176046,0.1287781149148941
0.5516991239328163,0.6050986050986051,0.12877783179283142
0.5518665253055075,0.6050986050986051,0.1287759393453598
0.5518665253055075,0.6055796055796056,0.1287723183631897
0.5523687294235813,0.6055796055796056,0.12876689434051514
0.5524803303387088,0.6055796055796056,0.12876686453819275
0.5527035321689638,0.6055796055796056,0.12876413762569427
0.5527035321689638,0.6060606060606061,0.12876269221305847
0.5527593326265275,0.6060606060606061,0.12876251339912415
0.5527593326265275,0.6065416065416065,0.12876112759113312
0.5529267339992188,0.6065416065416065,0.12875977158546448
0.5529267339992188,0.607022607022607,0.12875957787036896
0.5543775458958764,0.607022607022607,0.1287381649017334
0.5543775458958764,0.6075036075036075,0.1287359893321991
0.5554377545895877,0.6075036075036075,0.12871354818344116
0.5554377545895877,0.607984607984608,0.1287098377943039
0.556051559622789,0.607984607984608,0.12870261073112488
0.556051559622789,0.6084656084656085,0.12869374454021454
0.5566653646559901,0.6084656084656085,0.12868526577949524
0.5567769655711177,0.6084656084656085,0.12868498265743256
0.5586183806707214,0.6084656084656085,0.1286672204732895
0.5586183806707214,0.6089466089466089,0.1286671906709671
0.558953183416104,0.6089466089466089,0.1286623328924179
0.5590647843312315,0.6089466089466089,0.12866179645061493
0.5596785893644328,0.6089466089466089,0.1286487728357315
0.5596785893644328,0.6094276094276094,0.12864813208580017
0.5600691925673791,0.6094276094276094,0.1286427080631256
0.5600691925673791,0.60990860990861,0.12864238023757935
0.560515596227889,0.60990860990861,0.1286388635635376
0.560515596227889,0.6103896103896104,0.1286386102437973
0.5606271971430166,0.6103896103896104,0.12863482534885406
0.5606271971430166,0.6108706108706109,0.12863463163375854
0.5609061994308353,0.6108706108706109,0.12862838804721832
0.5609061994308353,0.6113516113516113,0.12862810492515564
0.5609619998883991,0.6113516113516113,0.12862765789031982
0.5609619998883991,0.6118326118326118,0.1286274790763855
0.5614642040064729,0.6118326118326118,0.12861871719360352
0.5614642040064729,0.6123136123136124,0.12861618399620056
0.5615758049216003,0.6123136123136124,0.12861458957195282
0.5615758049216003,0.6127946127946128,0.12861411273479462
0.5619106076669829,0.6127946127946128,0.12861084938049316
0.5619106076669829,0.6137566137566137,0.12860986590385437
0.5622454104123654,0.6137566137566137,0.12860432267189026
0.5623570113274929,0.6137566137566137,0.1286039650440216
0.5628034149880029,0.6137566137566137,0.1285969465970993
0.5628034149880029,0.6142376142376142,0.12859612703323364
0.5630824172758216,0.6142376142376142,0.12858809530735016
0.5630824172758216,0.6151996151996152,0.12858718633651733
0.5636404218514591,0.6151996151996152,0.1285785585641861
0.5636404218514591,0.6156806156806157,0.12857817113399506
0.5640868255119692,0.6156806156806157,0.1285724639892578
0.5640868255119692,0.6161616161616161,0.1285713016986847
0.5641984264270967,0.6161616161616161,0.12856902182102203
0.5641984264270967,0.6166426166426167,0.12856872379779816
0.5651470342056805,0.6166426166426167,0.1285553276538849
0.5651470342056805,0.6176046176046176,0.12855322659015656
0.5652028346632443,0.6176046176046176,0.12855155766010284
0.5652028346632443,0.6180856180856181,0.1285451054573059
0.5653144355783717,0.6180856180856181,0.12854211032390594
0.5653144355783717,0.6185666185666185,0.12854160368442535
0.5655376374086267,0.6185666185666185,0.12854041159152985
0.5655376374086267,0.6190476190476191,0.12853853404521942
0.5660956419842643,0.6190476190476191,0.12852881848812103
0.5660956419842643,0.6195286195286195,0.12852780520915985
0.5662630433569555,0.6195286195286195,0.12852433323860168
0.5663746442720831,0.6195286195286195,0.12852393090724945
0.5669326488477205,0.6195286195286195,0.12851613759994507
0.5670442497628481,0.6195286195286195,0.12851503491401672
0.5671558506779756,0.6195286195286195,0.1285107135772705
0.5671558506779756,0.62000962000962,0.12850825488567352
0.567490653423358,0.62000962000962,0.128499835729599
0.567490653423358,0.6204906204906205,0.12849968671798706
0.5677138552536131,0.6204906204906205,0.12849755585193634
0.5677138552536131,0.620971620971621,0.1284971833229065
0.5683276602868144,0.620971620971621,0.12849049270153046
0.5683276602868144,0.6214526214526215,0.12849017977714539
0.5689414653200157,0.6214526214526215,0.12847433984279633
0.5689414653200157,0.6219336219336219,0.12847380340099335
0.5696110708107807,0.6219336219336219,0.12845996022224426
0.5696110708107807,0.6224146224146224,0.12845873832702637
0.5696668712683444,0.6224146224146224,0.128458634018898
0.5696668712683444,0.622895622895623,0.12845811247825623
0.5700574744712906,0.622895622895623,0.12845037877559662
0.5700574744712906,0.6233766233766234,0.1284499615430832
0.5719546900284582,0.6233766233766234,0.12841962277889252
0.5719546900284582,0.6238576238576239,0.12841753661632538
0.5720662909435857,0.6238576238576239,0.12841448187828064
0.5720662909435857,0.6243386243386243,0.1284143030643463
0.5725684950616595,0.6243386243386243,0.12840762734413147
0.572680095976787,0.6243386243386243,0.12840722501277924
0.5730706991797333,0.6243386243386243,0.12839967012405396
0.5730706991797333,0.6248196248196248,0.12839871644973755
0.5737403046704983,0.6248196248196248,0.12838396430015564
0.5737403046704983,0.6257816257816258,0.1283804327249527
0.574688912449082,0.6257816257816258,0.12836530804634094
0.574688912449082,0.6267436267436267,0.12836317718029022
0.5753027174822833,0.6267436267436267,0.12835359573364258
0.5753027174822833,0.6272246272246272,0.1283532679080963
0.5764745270911221,0.6272246272246272,0.12833115458488464
0.5764745270911221,0.6277056277056277,0.12833033502101898
0.5765303275486859,0.6277056277056277,0.12832988798618317
0.5765303275486859,0.6281866281866282,0.1283247470855713
0.5766419284638135,0.6281866281866282,0.12832242250442505
0.5766419284638135,0.6286676286676287,0.12832114100456238
0.5766977289213772,0.6286676286676287,0.12832096219062805
0.5766977289213772,0.6291486291486291,0.12832072377204895
0.5767535293789409,0.6291486291486291,0.1283206343650818
0.5768651302940684,0.6291486291486291,0.12832042574882507
0.5769767312091959,0.6291486291486291,0.1283176839351654
0.5769767312091959,0.6296296296296297,0.12831613421440125
0.5786507449361085,0.6296296296296297,0.12829124927520752
0.5786507449361085,0.6310726310726311,0.12828989326953888
0.5788181463087997,0.6310726310726311,0.1282855123281479
0.5788181463087997,0.6315536315536315,0.1282847374677658
0.5801573572903298,0.6315536315536315,0.1282666027545929
0.5802689582054573,0.6315536315536315,0.12826620042324066
0.5803805591205848,0.6315536315536315,0.12826359272003174
0.5803805591205848,0.6320346320346321,0.12826287746429443
0.5811059650689135,0.6320346320346321,0.12825438380241394
0.5811059650689135,0.6325156325156325,0.12825387716293335
0.5812175659840411,0.6325156325156325,0.1282534897327423
0.5812175659840411,0.632996632996633,0.12825261056423187
0.5841191897773562,0.632996632996633,0.12819789350032806
0.5841191897773562,0.6334776334776335,0.12819704413414001
0.5842307906924836,0.6334776334776335,0.12819664180278778
0.5842307906924836,0.6339586339586339,0.12819641828536987
0.5842865911500474,0.6339586339586339,0.12819483876228333
0.5842865911500474,0.6344396344396345,0.1281934231519699
0.5844539925227387,0.6344396344396345,0.12818576395511627
0.5844539925227387,0.6349206349206349,0.12818500399589539
0.5846771943529937,0.6349206349206349,0.12818104028701782
0.5846771943529937,0.6354016354016354,0.12817920744419098
0.5850119970983763,0.6354016354016354,0.1281755268573761
0.5850119970983763,0.6358826358826358,0.12817485630512238
0.5851793984710675,0.6358826358826358,0.1281726062297821
0.5851793984710675,0.6368446368446369,0.12816986441612244
0.5853467998437587,0.6368446368446369,0.12816794216632843
0.5853467998437587,0.6373256373256373,0.12816764414310455
0.5854026003013225,0.6373256373256373,0.12816761434078217
0.5854026003013225,0.6378066378066378,0.12816576659679413
0.5855700016740137,0.6378066378066378,0.12816132605075836
0.5855700016740137,0.6382876382876382,0.128160297870636
0.586183806707215,0.6382876382876382,0.12815038859844208
0.586183806707215,0.6387686387686388,0.12814627587795258
0.5872440154009263,0.6387686387686388,0.12812790274620056
0.5872440154009263,0.6392496392496393,0.1281275898218155
0.587523017688745,0.6392496392496393,0.12812171876430511
0.587523017688745,0.6397306397306397,0.12812063097953796
0.5879136208916913,0.6397306397306397,0.12811174988746643
0.5879136208916913,0.6402116402116402,0.12811173498630524
0.5885274259248926,0.6402116402116402,0.12809881567955017
0.5885274259248926,0.6406926406926406,0.12809783220291138
0.5893086323307851,0.6406926406926406,0.1280835121870041
0.5893086323307851,0.6411736411736412,0.12808175384998322
0.5898108364488589,0.6411736411736412,0.12807400524616241
0.5898108364488589,0.6416546416546417,0.12807397544384003
0.5901456391942413,0.6416546416546417,0.12806716561317444
0.5901456391942413,0.6421356421356421,0.12806600332260132
0.5903130405669327,0.6421356421356421,0.12806420028209686
0.5903130405669327,0.6426166426166426,0.12806393206119537
0.5910384465152614,0.6426166426166426,0.128046914935112
0.5910384465152614,0.6430976430976431,0.12804660201072693
0.591596451090899,0.6430976430976431,0.12804082036018372
0.591596451090899,0.6440596440596441,0.12803946435451508
0.5917638524635902,0.6440596440596441,0.1280371993780136
0.5917638524635902,0.6445406445406445,0.1280367523431778
0.5922102561241002,0.6445406445406445,0.1280270665884018
0.5922102561241002,0.645021645021645,0.1280270516872406
0.5931030634451202,0.645021645021645,0.12801450490951538
0.5932146643602477,0.645021645021645,0.1280134618282318
0.5932704648178115,0.645021645021645,0.12801331281661987
0.5932704648178115,0.6455026455026455,0.12801186740398407
0.5934378661905028,0.6455026455026455,0.12800511717796326
0.5934378661905028,0.645983645983646,0.12800484895706177
0.5942748730539591,0.645983645983646,0.1279909908771515
0.5942748730539591,0.6464646464646465,0.12799079716205597
0.5946654762569054,0.6464646464646465,0.12798605859279633
0.5946654762569054,0.6469456469456469,0.12798385322093964
0.5949444785447241,0.6469456469456469,0.12797826528549194
0.5949444785447241,0.6474266474266475,0.12797732651233673
0.5953908822052341,0.6474266474266475,0.12796953320503235
0.5953908822052341,0.6483886483886484,0.12796883285045624
0.5960604876959991,0.6483886483886484,0.12796121835708618
0.5961720886111266,0.6483886483886484,0.12796030938625336
0.5971206963897104,0.6483886483886484,0.12794815003871918
0.5971206963897104,0.6488696488696488,0.1279473453760147
0.5972322973048378,0.6488696488696488,0.12794670462608337
0.5972322973048378,0.6498316498316499,0.12794597446918488
0.5978461023380391,0.6498316498316499,0.12793706357479095
0.5978461023380391,0.6503126503126503,0.12793688476085663
0.597901902795603,0.6503126503126503,0.12793555855751038
0.597901902795603,0.6507936507936508,0.12793515622615814
0.5983483064561129,0.6507936507936508,0.12792831659317017
0.5983483064561129,0.6512746512746512,0.12792645394802094
0.598571508286368,0.6512746512746512,0.12791958451271057
0.598571508286368,0.6522366522366523,0.12791281938552856
0.5986831092014955,0.6522366522366523,0.12791015207767487
0.5986831092014955,0.6527176527176527,0.12790800631046295
0.5995201160649517,0.6527176527176527,0.1278979331254959
0.5995201160649517,0.6531986531986532,0.12789739668369293
0.600133921098153,0.6531986531986532,0.1278809905052185
0.6002455220132805,0.6531986531986532,0.12788040935993195
0.6005803247586631,0.6531986531986532,0.12787610292434692
0.6005803247586631,0.6536796536796536,0.12787511944770813
0.6009151275040455,0.6536796536796536,0.12786948680877686
0.6009151275040455,0.6546416546416547,0.12786798179149628
0.601026728419173,0.6546416546416547,0.12786677479743958
0.601026728419173,0.6551226551226551,0.12786614894866943
0.6020869371128843,0.6551226551226551,0.12784752249717712
0.6020869371128843,0.6556036556036556,0.12784719467163086
0.6028681435187768,0.6556036556036556,0.12782709300518036
0.6028681435187768,0.656084656084656,0.12782704830169678
0.6038725517549244,0.656084656084656,0.12780281901359558
0.6038725517549244,0.6565656565656566,0.12780268490314484
0.6043747558729982,0.6565656565656566,0.1277935653924942
0.6043747558729982,0.6570466570466571,0.12779319286346436
0.6048211595335081,0.6570466570466571,0.12778407335281372
0.6048211595335081,0.6575276575276575,0.1277838796377182
0.6051559622788907,0.6575276575276575,0.12777981162071228
0.6051559622788907,0.658008658008658,0.1277790069580078
0.6053791641091457,0.658008658008658,0.12777668237686157
0.6053791641091457,0.6584896584896585,0.12777632474899292
0.605992969142347,0.6584896584896585,0.12776605784893036
0.605992969142347,0.658970658970659,0.1277654469013214
0.6065509737179845,0.658970658970659,0.1277530938386917
0.6065509737179845,0.6594516594516594,0.12775224447250366
0.6066067741755482,0.6594516594516594,0.12775222957134247
0.6066067741755482,0.6599326599326599,0.12775208055973053
0.6070531778360583,0.6599326599326599,0.127746120095253
0.6070531778360583,0.6604136604136605,0.12774518132209778
0.6073879805814407,0.6604136604136605,0.12774306535720825
0.6073879805814407,0.6608946608946609,0.1277390420436859
0.607778583784387,0.6608946608946609,0.12773379683494568
0.607778583784387,0.6613756613756614,0.1277322769165039
0.608001785614642,0.6613756613756614,0.1277252584695816
0.608001785614642,0.6618566618566618,0.12772177159786224
0.6083365883600246,0.6618566618566618,0.12771382927894592
0.6084481892751521,0.6618566618566618,0.12771345674991608
0.6091177947659171,0.6618566618566618,0.12769773602485657
0.6091177947659171,0.6623376623376623,0.1276976615190506
0.6093967970537358,0.6623376623376623,0.12769369781017303
0.6093967970537358,0.6628186628186629,0.12769365310668945
0.6095641984264271,0.6628186628186629,0.12769074738025665
0.6095641984264271,0.6632996632996633,0.12769025564193726
0.6099548016293733,0.6632996632996633,0.12768496572971344
0.6099548016293733,0.6637806637806638,0.12768395245075226
0.6100106020869371,0.6637806637806638,0.12768208980560303
0.6100106020869371,0.6642616642616642,0.12768204510211945
0.6102338039171922,0.6642616642616642,0.12767669558525085
0.6102338039171922,0.6647426647426647,0.12767571210861206
0.6107360080352658,0.6647426647426647,0.12766660749912262
0.6107360080352658,0.6652236652236653,0.12766440212726593
0.6131354277105072,0.6652236652236653,0.12762461602687836
0.6131354277105072,0.6657046657046657,0.12762399017810822
0.6132470286256347,0.6657046657046657,0.1276221126317978
0.6132470286256347,0.6661856661856662,0.12762032449245453
0.6133028290831984,0.6661856661856662,0.12761984765529633
0.6133028290831984,0.6666666666666666,0.127619206905365
0.6137492327437085,0.6666666666666666,0.12761063873767853
0.6137492327437085,0.6671476671476672,0.12760664522647858
0.614084035489091,0.6671476671476672,0.12760326266288757
0.614084035489091,0.6676286676286677,0.12760257720947266
0.6144746386920372,0.6676286676286677,0.1275954395532608
0.6144746386920372,0.6681096681096681,0.12759315967559814
0.614530439149601,0.6681096681096681,0.12759247422218323
0.614530439149601,0.6685906685906686,0.1275915801525116
0.6145862396071647,0.6685906685906686,0.1275903433561325
0.6145862396071647,0.669071669071669,0.1275881826877594
0.6148652418949836,0.669071669071669,0.12758389115333557
0.6148652418949836,0.6695526695526696,0.12758320569992065
0.6154790469281848,0.6695526695526696,0.127574622631073
0.6155906478433123,0.6695526695526696,0.12757407128810883
0.615869650131131,0.6695526695526696,0.12756729125976562
0.615869650131131,0.67003367003367,0.12756496667861938
0.6162044528765136,0.67003367003367,0.1275542825460434
0.6162044528765136,0.6705146705146705,0.12755219638347626
0.6172646615702249,0.6705146705146705,0.12753243744373322
0.6172646615702249,0.670995670995671,0.12753160297870636
0.6173762624853524,0.670995670995671,0.12753118574619293
0.6176552647731711,0.670995670995671,0.12752412259578705
0.6176552647731711,0.6714766714766714,0.12752018868923187
0.6179900675185537,0.6714766714766714,0.12751340866088867
0.6181016684336812,0.6714766714766714,0.12751300632953644
0.6181016684336812,0.671957671957672,0.12751272320747375
0.6188828748395737,0.671957671957672,0.12748950719833374
0.6188828748395737,0.6724386724386724,0.12748925387859344
0.6190502762122649,0.6724386724386724,0.1274828016757965
0.6190502762122649,0.6729196729196729,0.12748217582702637
0.6194966798727749,0.6729196729196729,0.12747402489185333
0.6194966798727749,0.6738816738816739,0.12746892869472504
0.6220077004631438,0.6738816738816739,0.1274203360080719
0.6220077004631438,0.6743626743626744,0.12741941213607788
0.6221193013782713,0.6743626743626744,0.12741635739803314
0.6221193013782713,0.6753246753246753,0.1274159699678421
0.6222867027509625,0.6753246753246753,0.127413809299469
0.6223425032085264,0.6758056758056759,0.1274125576019287
0.6231237096144189,0.6758056758056759,0.12740260362625122
0.6231237096144189,0.6762866762866763,0.12740255892276764
0.6238491155627476,0.6762866762866763,0.12739187479019165
0.6238491155627476,0.6767676767676768,0.12739139795303345
0.6247419228837676,0.6767676767676768,0.12738019227981567
0.6247419228837676,0.6772486772486772,0.12737920880317688
0.6247977233413314,0.6772486772486772,0.12737885117530823
0.624909324256459,0.6772486772486772,0.12737837433815002
0.624909324256459,0.6777296777296777,0.12737832963466644
0.6251883265442777,0.6777296777296777,0.12737427651882172
0.6252999274594052,0.6777296777296777,0.12737418711185455
0.6258021315774789,0.6777296777296777,0.1273655891418457
0.6258021315774789,0.6782106782106783,0.12736554443836212
0.6259137324926064,0.6782106782106783,0.12736450135707855
0.6259137324926064,0.6786916786916787,0.12736284732818604
0.626248535237989,0.6786916786916787,0.12735682725906372
0.626248535237989,0.6796536796536796,0.12735573947429657
0.6265275375258077,0.6796536796536796,0.12734775245189667
0.6265275375258077,0.6801346801346801,0.12734666466712952
0.6268065398136264,0.6801346801346801,0.12734180688858032
0.6268065398136264,0.6806156806156806,0.1273408830165863
0.6270855421014452,0.6806156806156806,0.1273365467786789
0.6270855421014452,0.6810966810966811,0.12733638286590576
0.6271971430165727,0.6810966810966811,0.12733441591262817
0.6271971430165727,0.682058682058682,0.12733042240142822
0.6275319457619553,0.682058682058682,0.12732823193073273
0.6275319457619553,0.6825396825396826,0.12732423841953278
0.628703755370794,0.6825396825396826,0.1273019164800644
0.628703755370794,0.683020683020683,0.12730152904987335
0.6288153562859216,0.683020683020683,0.1272989809513092
0.6288153562859216,0.6835016835016835,0.12729766964912415
0.6288711567434853,0.6835016835016835,0.1272975653409958
0.6289269572010491,0.683982683982684,0.1272972673177719
0.6304335695552703,0.683982683982684,0.12727496027946472
0.6304335695552703,0.6844636844636844,0.1272735595703125
0.6312705764187266,0.6844636844636844,0.12725090980529785
0.6312705764187266,0.684944684944685,0.1272493600845337
0.6318285809943641,0.684944684944685,0.12723445892333984
0.6318285809943641,0.6854256854256854,0.12723228335380554
0.6322191841973104,0.6854256854256854,0.12722419202327728
0.6322191841973104,0.6859066859066859,0.12722374498844147
0.6330561910607667,0.6859066859066859,0.12720952928066254
0.6331677919758942,0.6859066859066859,0.12720869481563568
0.6339489983817868,0.6859066859066859,0.12719476222991943
0.6339489983817868,0.6863876863876864,0.12719203531742096
0.634116399754478,0.6863876863876864,0.12718944251537323
0.634116399754478,0.6868686868686869,0.1271885335445404
0.6357904134813905,0.6868686868686869,0.1271606981754303
0.6357904134813905,0.6878306878306878,0.1271596997976303
0.6360694157692093,0.6878306878306878,0.12715375423431396
0.6360694157692093,0.6883116883116883,0.12715363502502441
0.6379108308688132,0.6883116883116883,0.12712739408016205
0.6380224317839406,0.6883116883116883,0.12712368369102478
0.6383572345293231,0.6883116883116883,0.12711648643016815
0.6383572345293231,0.6887926887926888,0.12711624801158905
0.6387478377322694,0.6887926887926888,0.12710781395435333
0.6387478377322694,0.6897546897546898,0.12710605561733246
0.639082640477652,0.6897546897546898,0.12709861993789673
0.639082640477652,0.6902356902356902,0.1270984411239624
0.6398080464259807,0.6902356902356902,0.1270821988582611
0.6398080464259807,0.6907166907166907,0.127081960439682
0.6398638468835445,0.6907166907166907,0.12708184123039246
0.6398638468835445,0.6911976911976911,0.12707947194576263
0.6400870487137994,0.6911976911976911,0.12707526981830597
0.6400870487137994,0.6916786916786917,0.1270752251148224
0.6401986496289269,0.6916786916786917,0.1270744651556015
0.6401986496289269,0.6921596921596922,0.12707364559173584
0.6409240555772557,0.6921596921596922,0.12705738842487335
0.6409240555772557,0.6926406926406926,0.1270570456981659
0.6412030578650745,0.6926406926406926,0.1270478367805481
0.6412030578650745,0.6936026936026936,0.1270453929901123
0.641984264270967,0.6936026936026936,0.12703394889831543
0.641984264270967,0.6940836940836941,0.12703350186347961
0.6432676747949333,0.6940836940836941,0.12701496481895447
0.6432676747949333,0.6945646945646946,0.12701430916786194
0.6440488812008258,0.6945646945646946,0.12700210511684418
0.6440488812008258,0.695045695045695,0.12700164318084717
0.6443278834886446,0.695045695045695,0.1269930899143219
0.6443278834886446,0.6955266955266955,0.12699130177497864
0.6444394844037721,0.6955266955266955,0.1269904524087906
0.6444394844037721,0.696007696007696,0.12698961794376373
0.6450532894369734,0.696007696007696,0.12697827816009521
0.6450532894369734,0.6964886964886965,0.12697765231132507
0.6451648903521009,0.6964886964886965,0.12697726488113403
0.6464483008760672,0.6964886964886965,0.12695075571537018
0.6464483008760672,0.6974506974506974,0.12695012986660004
0.6467831036214498,0.6974506974506974,0.12694132328033447
0.6467831036214498,0.697931697931698,0.12694108486175537
0.6477875118575972,0.697931697931698,0.1269153654575348
0.6477875118575972,0.6984126984126984,0.12691530585289001
0.648512917805926,0.6984126984126984,0.1268986165523529
0.648512917805926,0.6988936988936989,0.12689810991287231
0.6495731264996373,0.6988936988936989,0.126883864402771
0.6495731264996373,0.6993746993746994,0.12688225507736206
0.6501311310752749,0.6993746993746994,0.12686924636363983
0.6501311310752749,0.6998556998556998,0.12686915695667267
0.6502985324479661,0.6998556998556998,0.12686531245708466
0.6502985324479661,0.7003367003367004,0.12686298787593842
0.6506891356509124,0.7003367003367004,0.12685297429561615
0.6506891356509124,0.7008177008177008,0.12685269117355347
0.6508007365660399,0.7008177008177008,0.1268511414527893
0.6508007365660399,0.7012987012987013,0.1268497109413147
0.6511355393114223,0.7012987012987013,0.12684179842472076
0.6511355393114223,0.7017797017797017,0.12684135138988495
0.6514703420568049,0.7017797017797017,0.1268368810415268
0.6514703420568049,0.7022607022607023,0.1268339306116104
0.6523631493778249,0.7022607022607023,0.12682044506072998
0.6523631493778249,0.7027417027417028,0.1268199235200882
0.6526421516656437,0.7027417027417028,0.12681791186332703
0.6526421516656437,0.7032227032227032,0.12681695818901062
0.6530885553261536,0.7032227032227032,0.12680822610855103
0.6530885553261536,0.7037037037037037,0.1268078237771988
0.6534233580715362,0.7037037037037037,0.12680450081825256
0.6534233580715362,0.7041847041847041,0.1268012672662735
0.6537023603593549,0.7041847041847041,0.1267988532781601
0.6537023603593549,0.7051467051467052,0.12679794430732727
0.6539813626471737,0.7051467051467052,0.12679161131381989
0.6540929635623012,0.7051467051467052,0.12679089605808258
0.65481836951063,0.7051467051467052,0.12678053975105286
0.65481836951063,0.7056277056277056,0.12677830457687378
0.655487975001395,0.7056277056277056,0.12676690518856049
0.655487975001395,0.7065897065897065,0.12676483392715454
0.6555437754589588,0.7065897065897065,0.12676407396793365
0.6555437754589588,0.7070707070707071,0.1267629712820053
0.6575525919312538,0.7070707070707071,0.12671878933906555
0.6575525919312538,0.7075517075517076,0.12671729922294617
0.6579431951342001,0.7075517075517076,0.12671035528182983
0.6579431951342001,0.7094757094757095,0.12670570611953735
0.6581105965068914,0.7094757094757095,0.1267017275094986
0.6581105965068914,0.70995670995671,0.12670005857944489
0.6582779978795826,0.70995670995671,0.12669637799263
0.6582779978795826,0.7104377104377104,0.1266944706439972
0.6587802019976564,0.7104377104377104,0.12668365240097046
0.6588918029127839,0.7104377104377104,0.12668313086032867
0.6595056079459851,0.7104377104377104,0.126670703291893
0.6595056079459851,0.710918710918711,0.12666946649551392
0.659784610233804,0.710918710918711,0.12666566669940948
0.659784610233804,0.7118807118807119,0.12666378915309906
0.6600078120640589,0.7118807118807119,0.12665967643260956
0.6600078120640589,0.7123617123617123,0.1266588717699051
0.6600636125216227,0.7123617123617123,0.12665832042694092
0.6601194129791864,0.7128427128427128,0.12665492296218872
0.6601752134367502,0.7128427128427128,0.12665259838104248
0.6601752134367502,0.7133237133237134,0.12664760649204254
0.6610680207577702,0.7133237133237134,0.12663595378398895
0.6610680207577702,0.7138047138047138,0.1266348510980606
0.6619050276212265,0.7138047138047138,0.12662160396575928
0.6619050276212265,0.7142857142857143,0.1266210526227951
0.6619608280787902,0.7142857142857143,0.1266205757856369
0.6619608280787902,0.7147667147667147,0.12661974132061005
0.6620724289939177,0.7147667147667147,0.12661799788475037
0.6620724289939177,0.7152477152477152,0.12661734223365784
0.6623514312817365,0.7152477152477152,0.126614049077034
0.6623514312817365,0.7157287157287158,0.1266135424375534
0.6630768372300653,0.7157287157287158,0.1265997737646103
0.6630768372300653,0.7162097162097162,0.12659862637519836
0.6635232408905753,0.7162097162097162,0.12658816576004028
0.6635232408905753,0.7166907166907167,0.12658624351024628
0.663579041348139,0.7166907166907167,0.12658606469631195
0.663579041348139,0.7171717171717171,0.12658445537090302
0.6641928463813404,0.7171717171717171,0.1265677511692047
0.6641928463813404,0.7176527176527177,0.12656746804714203
0.6654204564477428,0.7176527176527177,0.12654617428779602
0.6654204564477428,0.7181337181337182,0.1265457570552826
0.6658110596506891,0.7181337181337182,0.12654031813144684
0.6658110596506891,0.7186147186147186,0.12653906643390656
0.6663132637687629,0.7186147186147186,0.12653043866157532
0.6663132637687629,0.7195767195767195,0.12652838230133057
0.6672060710897829,0.7195767195767195,0.12651051580905914
0.6672060710897829,0.7200577200577201,0.12651048600673676
0.6673176720049104,0.7200577200577201,0.12650875747203827
0.6673176720049104,0.7205387205387206,0.12650802731513977
0.667652474750293,0.7205387205387206,0.12650388479232788
0.667652474750293,0.721019721019721,0.12650363147258759
0.6679872774956754,0.721019721019721,0.1264953911304474
0.6679872774956754,0.7215007215007215,0.1264951229095459
0.668322080241058,0.7215007215007215,0.12648987770080566
0.668322080241058,0.721981721981722,0.1264897882938385
0.6686568829864404,0.721981721981722,0.12648628652095795
0.6686568829864404,0.7224627224627225,0.12648624181747437
0.6701634953406618,0.7224627224627225,0.1264656037092209
0.6701634953406618,0.7229437229437229,0.12646476924419403
0.6702192957982256,0.7229437229437229,0.1264638751745224
0.6702192957982256,0.7234247234247234,0.12646380066871643
0.6712795044919369,0.7234247234247234,0.12644687294960022
0.6712795044919369,0.7239057239057239,0.12644322216510773
0.6716143072373193,0.7239057239057239,0.12643133103847504
0.6716143072373193,0.7243867243867244,0.1264272779226303
0.6716701076948831,0.7243867243867244,0.12642672657966614
0.6716701076948831,0.7248677248677249,0.12642663717269897
0.6724513141007756,0.7248677248677249,0.1264183521270752
0.6724513141007756,0.7253487253487253,0.1264180988073349
0.6745717314881982,0.7253487253487253,0.1263720989227295
0.6745717314881982,0.7258297258297258,0.12637199461460114
0.6750181351487082,0.7258297258297258,0.12636366486549377
0.6750181351487082,0.7263107263107264,0.12636341154575348
0.675966742927292,0.7263107263107264,0.12634718418121338
0.675966742927292,0.7267917267917268,0.12634409964084625
0.6760783438424195,0.7267917267917268,0.12634217739105225
0.6760783438424195,0.7272727272727273,0.12634070217609406
0.676636348418057,0.7272727272727273,0.1263342946767807
0.676636348418057,0.7277537277537277,0.12633296847343445
0.6767479493331845,0.7277537277537277,0.1263318806886673
0.6767479493331845,0.7282347282347282,0.1263304054737091
0.676859550248312,0.7282347282347282,0.12632811069488525
0.676859550248312,0.7287157287157288,0.12632548809051514
0.6792589699235534,0.7287157287157288,0.12627796828746796
0.6792589699235534,0.7291967291967292,0.12627287209033966
0.6793705708386809,0.7291967291967292,0.12627218663692474
0.6793705708386809,0.7296777296777297,0.1262703686952591
0.6800401763294459,0.7296777296777297,0.12626208364963531
0.6800401763294459,0.7301587301587301,0.12626200914382935
0.6809887841080297,0.7301587301587301,0.12625040113925934
0.6809887841080297,0.7306397306397306,0.12625007331371307
0.6812677863958484,0.7306397306397306,0.12624405324459076
0.6812677863958484,0.7311207311207312,0.12624378502368927
0.6813235868534122,0.7311207311207312,0.12624259293079376
0.6813235868534122,0.7316017316017316,0.126242533326149
0.6815467886836672,0.7316017316017316,0.126233771443367
0.6815467886836672,0.7320827320827321,0.12623345851898193
0.6822163941744323,0.7320827320827321,0.12622222304344177
0.6822163941744323,0.7325637325637325,0.12622198462486267
0.6823279950895598,0.7325637325637325,0.12622176110744476
0.6823279950895598,0.733044733044733,0.1262180358171463
0.682718598292506,0.733044733044733,0.12620897591114044
0.682718598292506,0.7335257335257336,0.12620609998703003
0.6827743987500697,0.7335257335257336,0.12620528042316437
0.6827743987500697,0.734006734006734,0.12620490789413452
0.6832208024105798,0.734006734006734,0.12620007991790771
0.6832208024105798,0.7349687349687349,0.12619873881340027
0.683388203783271,0.7349687349687349,0.1261977255344391
0.683388203783271,0.7354497354497355,0.12619660794734955
0.6839462083589085,0.7354497354497355,0.12618854641914368
0.6839462083589085,0.7359307359307359,0.1261875182390213
0.6845600133921098,0.7359307359307359,0.1261734664440155
0.6845600133921098,0.7364117364117364,0.12616777420043945
0.6865130294068411,0.7364117364117364,0.1261313110589981
0.6865130294068411,0.7368927368927369,0.12613122165203094
0.6867920316946599,0.7368927368927369,0.126127228140831
0.6867920316946599,0.7373737373737373,0.12612538039684296
0.6868478321522237,0.7373737373737373,0.12612490355968475
0.6868478321522237,0.7378547378547379,0.12612299621105194
0.688354444506445,0.7378547378547379,0.12609441578388214
0.688354444506445,0.7383357383357383,0.1260930895805359
0.6885218458791362,0.7383357383357383,0.12609100341796875
0.6885218458791362,0.7388167388167388,0.12608982622623444
0.6895262541152838,0.7388167388167388,0.1260743886232376
0.6895262541152838,0.7392977392977393,0.12607119977474213
0.6895820545728475,0.7392977392977393,0.12607042491436005
0.6895820545728475,0.7397787397787398,0.12606994807720184
0.68991685731823,0.7397787397787398,0.1260635107755661
0.68991685731823,0.7402597402597403,0.1260618269443512
0.6899726577757938,0.7402597402597403,0.1260610818862915
0.6900842586909213,0.7402597402597403,0.12605826556682587
0.691925673790525,0.7402597402597403,0.12601622939109802
0.691925673790525,0.7407407407407407,0.12601613998413086
0.6920372747056526,0.7407407407407407,0.12601444125175476
0.6920372747056526,0.7412217412217412,0.12601181864738464
0.6923720774510351,0.7412217412217412,0.12600861489772797
0.6924278779085988,0.7417027417027418,0.1260070651769638
0.6927626806539814,0.7417027417027418,0.12600407004356384
0.6927626806539814,0.7421837421837422,0.12600219249725342
0.6928742815691089,0.7421837421837422,0.12600001692771912
0.6928742815691089,0.7426647426647427,0.1259993314743042
0.6929858824842364,0.7426647426647427,0.1259976029396057
0.6933206852296189,0.7426647426647427,0.12598007917404175
0.6933206852296189,0.7431457431457431,0.12597976624965668
0.6937112884325651,0.7431457431457431,0.12597237527370453
0.6937112884325651,0.7436267436267436,0.125971719622612
0.6952179007867865,0.7436267436267436,0.12594352662563324
0.6952179007867865,0.7441077441077442,0.1259423792362213
0.6953853021594777,0.7441077441077442,0.12593822181224823
0.6953853021594777,0.7445887445887446,0.12593655288219452
0.6957201049048602,0.7445887445887446,0.1259307861328125
0.6957201049048602,0.7450697450697451,0.1259300261735916
0.6958317058199878,0.7450697450697451,0.12592774629592896
0.6958317058199878,0.7455507455507455,0.12592697143554688
0.6965013113107528,0.7455507455507455,0.12591052055358887
0.6965013113107528,0.7465127465127465,0.1259079873561859
0.6980079236649741,0.7465127465127465,0.12586958706378937
0.6980079236649741,0.746993746993747,0.12586814165115356
0.6984543273254841,0.746993746993747,0.12586122751235962
0.6984543273254841,0.7474747474747475,0.12585976719856262
0.6994029351040678,0.7474747474747475,0.12584488093852997
0.6994029351040678,0.7479557479557479,0.12584368884563446
0.7006863456280341,0.7479557479557479,0.12582647800445557
0.7006863456280341,0.7484367484367485,0.12582622468471527
0.7010769488309804,0.7484367484367485,0.12581831216812134
0.7010769488309804,0.7498797498797499,0.12581388652324677
0.7016907538641817,0.7498797498797499,0.12579770386219025
0.7018023547793092,0.7498797498797499,0.1257975697517395
0.7020813570671279,0.7498797498797499,0.12579436600208282
0.7020813570671279,0.7508417508417509,0.12579387426376343
0.7026393616427655,0.7508417508417509,0.1257849484682083
0.7026393616427655,0.7513227513227513,0.12578445672988892
0.7028625634730205,0.7513227513227513,0.12577557563781738
0.7028625634730205,0.7518037518037518,0.12577331066131592
0.702974164388148,0.7518037518037518,0.12577249109745026
0.702974164388148,0.7522847522847523,0.12576889991760254
0.7030299648457118,0.7522847522847523,0.12576761841773987
0.7030299648457118,0.7527657527657527,0.12576670944690704
0.703197366218403,0.7527657527657527,0.12576338648796082
0.703197366218403,0.7532467532467533,0.12576334178447723
0.7039785726242955,0.7532467532467533,0.12574893236160278
0.7039785726242955,0.7537277537277537,0.12574809789657593
0.7049829808604431,0.7537277537277537,0.1257326751947403
0.7049829808604431,0.7542087542087542,0.1257326602935791
0.7057641872663356,0.7542087542087542,0.12571682035923004
0.7057641872663356,0.7546897546897547,0.12571638822555542
0.7062105909268456,0.7546897546897547,0.12570375204086304
0.7062105909268456,0.7551707551707552,0.12570135295391083
0.7068801964176106,0.7551707551707552,0.12568823993206024
0.7068801964176106,0.7556517556517557,0.1256881058216095
0.7078288041961944,0.7556517556517557,0.12567192316055298
0.7078288041961944,0.7566137566137566,0.12567093968391418
0.7081078064840132,0.7566137566137566,0.12566837668418884
0.7081078064840132,0.757094757094757,0.12566639482975006
0.7091122147201607,0.757094757094757,0.12564685940742493
0.7091122147201607,0.7575757575757576,0.12564656138420105
0.709279616092852,0.7575757575757576,0.12564417719841003
0.709279616092852,0.7585377585377585,0.1256421059370041
0.709502817923107,0.7585377585377585,0.12563849985599518
0.709502817923107,0.759018759018759,0.12563739717006683
0.7100050220411808,0.759018759018759,0.12562920153141022
0.7100050220411808,0.75998075998076,0.12562762200832367
0.710172423413872,0.75998075998076,0.12562446296215057
0.710172423413872,0.7604617604617605,0.12562313675880432
0.7104514257016907,0.7604617604617605,0.1256169229745865
0.7104514257016907,0.7609427609427609,0.12561586499214172
0.7107862284470733,0.7609427609427609,0.1256083846092224
0.7107862284470733,0.7614237614237614,0.12560729682445526
0.711065230734892,0.7614237614237614,0.12560157477855682
0.711065230734892,0.7619047619047619,0.12559892237186432
0.7114558339378383,0.7619047619047619,0.12559613585472107
0.7115674348529658,0.7619047619047619,0.1255960762500763
0.7115674348529658,0.7628667628667629,0.12559466063976288
0.7122370403437308,0.7628667628667629,0.12558303773403168
0.7122370403437308,0.7633477633477633,0.12558117508888245
0.7126276435466771,0.7633477633477633,0.12557363510131836
0.7127392444618046,0.7633477633477633,0.12557336688041687
0.7128508453769321,0.7633477633477633,0.1255718320608139
0.7128508453769321,0.7638287638287639,0.12557151913642883
0.7131298476647508,0.7638287638287639,0.1255633682012558
0.7131298476647508,0.7643097643097643,0.12556268274784088
0.7147480609340997,0.7643097643097643,0.12553076446056366
0.7147480609340997,0.7647907647907648,0.12553022801876068
0.7148596618492271,0.7647907647907648,0.12553000450134277
0.7148596618492271,0.7652717652717653,0.12552882730960846
0.7149154623067909,0.7652717652717653,0.12552765011787415
0.7149154623067909,0.7657527657527657,0.12552697956562042
0.7155850677975559,0.7657527657527657,0.12551404535770416
0.7155850677975559,0.7662337662337663,0.12551355361938477
0.7173148819820323,0.7662337662337663,0.12549085915088654
0.7173148819820323,0.7667147667147667,0.12549006938934326
0.7176496847274147,0.7667147667147667,0.1254843920469284
0.7176496847274147,0.7671957671957672,0.12548404932022095
0.718933095251381,0.7671957671957672,0.12546950578689575
0.718933095251381,0.7676767676767676,0.125468909740448
0.7199375034875286,0.7676767676767676,0.12545865774154663
0.7199375034875286,0.7681577681577682,0.12545768916606903
0.7200491044026561,0.7681577681577682,0.125456765294075
0.7200491044026561,0.7686387686387687,0.12545430660247803
0.7216673176720049,0.7686387686387687,0.1254313886165619
0.7216673176720049,0.7691197691197691,0.12543118000030518
0.7218905195022599,0.7691197691197691,0.12542900443077087
0.7218905195022599,0.7696007696007696,0.12542811036109924
0.7220021204173874,0.7696007696007696,0.12542754411697388
0.7224485240778974,0.7696007696007696,0.12541857361793518
0.7224485240778974,0.77008177008177,0.12541690468788147
0.7231181295686625,0.77008177008177,0.12541155517101288
0.7232297304837899,0.77008177008177,0.1254107803106308
0.723452932314045,0.77008177008177,0.12540584802627563
0.723452932314045,0.7705627705627706,0.12540480494499207
0.7248479437531388,0.7705627705627706,0.12537884712219238
0.7248479437531388,0.7715247715247715,0.1253759264945984
0.7254617487863401,0.7715247715247715,0.12535794079303741
0.7254617487863401,0.772005772005772,0.12535443902015686
0.7260197533619775,0.772005772005772,0.12534256279468536
0.7260197533619775,0.7724867724867724,0.12534211575984955
0.7261871547346688,0.7724867724867724,0.12534087896347046
0.7261871547346688,0.772967772967773,0.12534074485301971
0.7273031638859438,0.772967772967773,0.12532451748847961
0.7273031638859438,0.7734487734487735,0.12532362341880798
0.7274705652586351,0.7734487734487735,0.12532159686088562
0.7274705652586351,0.7739297739297739,0.12531958520412445
0.7275821661737626,0.7739297739297739,0.1253184974193573
0.7275821661737626,0.7744107744107744,0.125318244099617
0.7276379666313264,0.7744107744107744,0.12531782686710358
0.7276379666313264,0.7753727753727754,0.12531626224517822
0.7281959712069639,0.7753727753727754,0.12530995905399323
0.7281959712069639,0.7758537758537759,0.1253095120191574
0.7282517716645277,0.7763347763347763,0.1253090351819992
0.7297025835611852,0.7763347763347763,0.12527671456336975
0.7297025835611852,0.7768157768157768,0.1252758651971817
0.730204787679259,0.7768157768157768,0.12527039647102356
0.730204787679259,0.7772967772967773,0.12526974081993103
0.7303163885943865,0.7772967772967773,0.12526534497737885
0.7303163885943865,0.7777777777777778,0.12526527047157288
0.7305953908822053,0.7777777777777778,0.12526346743106842
0.7305953908822053,0.7782587782587782,0.1252623200416565
0.7307627922548965,0.7782587782587782,0.1252599060535431
0.7307627922548965,0.7787397787397787,0.1252574771642685
0.7308185927124602,0.7787397787397787,0.1252565234899521
0.7308185927124602,0.7792207792207793,0.12525612115859985
0.7312091959154065,0.7792207792207793,0.1252523511648178
0.7312091959154065,0.7797017797017797,0.12525081634521484
0.7314323977456615,0.7797017797017797,0.1252465546131134
0.7314323977456615,0.7801827801827802,0.1252461075782776
0.731767200491044,0.7801827801827802,0.12524107098579407
0.731767200491044,0.7811447811447811,0.12524066865444183
0.7320462027788628,0.7811447811447811,0.12523828446865082
0.7320462027788628,0.7816257816257817,0.12523746490478516
0.732213604151554,0.7816257816257817,0.12523522973060608
0.732213604151554,0.7821067821067821,0.12523473799228668
0.732436805981809,0.7821067821067821,0.12522967159748077
0.7324926064393728,0.7825877825877826,0.12522894144058228
0.7347804251994866,0.7825877825877826,0.12518908083438873
0.7347804251994866,0.783068783068783,0.12518897652626038
0.7353384297751242,0.783068783068783,0.125182643532753
0.7353384297751242,0.7835497835497836,0.12518063187599182
0.7358406338931979,0.7835497835497836,0.12517526745796204
0.7358406338931979,0.7845117845117845,0.12517252564430237
0.7360638357234529,0.7845117845117845,0.12517042458057404
0.7360638357234529,0.784992784992785,0.12516960501670837
0.7365660398415267,0.784992784992785,0.12516161799430847
0.7365660398415267,0.7854737854737854,0.12516140937805176
0.7370124435020368,0.7854737854737854,0.1251545399427414
0.7370124435020368,0.785954785954786,0.1251540631055832
0.738742257686513,0.785954785954786,0.12512241303920746
0.738742257686513,0.7864357864357865,0.1251213103532791
0.7387980581440767,0.7864357864357865,0.125120609998703
0.7387980581440767,0.7869167869167869,0.12512049078941345
0.7399698677529156,0.7869167869167869,0.12510563433170319
0.7399698677529156,0.7873977873977874,0.12510515749454498
0.7409742759890631,0.7873977873977874,0.12508141994476318
0.7410858769041906,0.7873977873977874,0.12507981061935425
0.7416996819373919,0.7873977873977874,0.1250719279050827
0.7416996819373919,0.7878787878787878,0.1250709593296051
0.7418670833100831,0.7878787878787878,0.12506799399852753
0.7418670833100831,0.7883597883597884,0.12506745755672455
0.7431504938340494,0.7883597883597884,0.12504059076309204
0.7432620947491769,0.7883597883597884,0.12504024803638458
0.743485296579432,0.7883597883597884,0.12503385543823242
0.743485296579432,0.7888407888407888,0.12503261864185333
0.7440433011550694,0.7888407888407888,0.12501691281795502
0.7440433011550694,0.7893217893217893,0.12501196563243866
0.744378103900452,0.7893217893217893,0.1250055581331253
0.744378103900452,0.7898027898027898,0.12499883770942688
0.7447129066458344,0.7898027898027898,0.12499149143695831
0.7447129066458344,0.7902837902837903,0.12499125301837921
0.7461079180849283,0.7902837902837903,0.12497023493051529
0.7461079180849283,0.7907647907647908,0.12496701627969742
0.7467775235756933,0.7907647907647908,0.12495456635951996
0.7467775235756933,0.7917267917267917,0.12495298683643341
0.7468891244908208,0.7917267917267917,0.12495129555463791
0.7468891244908208,0.7922077922077922,0.12495104223489761
0.7472239272362033,0.7922077922077922,0.12494843453168869
0.7472239272362033,0.7926887926887927,0.12494834512472153
0.7480609340996596,0.7926887926887927,0.1249348595738411
0.7480609340996596,0.7931697931697932,0.12493477016687393
0.7481167345572234,0.7931697931697932,0.12493468075990677
0.7481167345572234,0.7936507936507936,0.1249338760972023
0.7490653423358071,0.7936507936507936,0.12491625547409058
0.7490653423358071,0.7941317941317941,0.12491482496261597
0.7505161542324648,0.7941317941317941,0.12489744275808334
0.7505161542324648,0.7946127946127947,0.12489717453718185
0.7516879638413035,0.7946127946127947,0.12487772107124329
0.7516879638413035,0.7950937950937951,0.12487727403640747
0.7525249707047598,0.7950937950937951,0.12486270070075989
0.7525249707047598,0.7955747955747956,0.1248624324798584
0.7548127894648736,0.7955747955747956,0.12482178211212158
0.7548127894648736,0.796055796055796,0.12482073158025742
0.7548685899224373,0.796055796055796,0.12482061237096786
0.7548685899224373,0.7965367965367965,0.12482019513845444
0.7549243903800011,0.7965367965367965,0.12481814622879028
0.7549243903800011,0.7970177970177971,0.12481670081615448
0.7552033926678199,0.7970177970177971,0.12481055408716202
0.7552033926678199,0.7974987974987975,0.1248096451163292
0.7553707940405111,0.7974987974987975,0.12480701506137848
0.7553707940405111,0.797979797979798,0.12480634450912476
0.7568774063947324,0.797979797979798,0.12478285282850266
0.7568774063947324,0.7984607984607984,0.12478233128786087
0.7572680095976787,0.7984607984607984,0.12477925419807434
0.7572680095976787,0.798941798941799,0.12477896362543106
0.7581608169186987,0.798941798941799,0.1247560977935791
0.7581608169186987,0.7994227994227994,0.12475504726171494
0.7606160370515038,0.7994227994227994,0.12471801042556763
0.7606160370515038,0.7999037999037999,0.12471766769886017
0.7615088443725239,0.7999037999037999,0.12469910830259323
0.7615088443725239,0.8003848003848004,0.12469714134931564
0.7625132526086714,0.8003848003848004,0.1246793195605278
0.7625690530662351,0.8008658008658008,0.12467857450246811
0.763517660844819,0.8008658008658008,0.12466606497764587
0.7636292617599464,0.8008658008658008,0.12466473132371902
0.7636850622175102,0.8008658008658008,0.12466452270746231
0.7636850622175102,0.8013468013468014,0.12466413527727127
0.7639082640477652,0.8013468013468014,0.12465576827526093
0.7640198649628926,0.8013468013468014,0.12465449422597885
0.7646894704536578,0.8013468013468014,0.12464288622140884
0.7646894704536578,0.8018278018278018,0.12464253604412079
0.765749679147369,0.8018278018278018,0.12462366372346878
0.765749679147369,0.8023088023088023,0.12462321668863297
0.7660286814351878,0.8023088023088023,0.12461939454078674
0.7660286814351878,0.8037518037518038,0.12461411952972412
0.7666982869259528,0.8037518037518038,0.12459517270326614
0.7666982869259528,0.8042328042328042,0.12459497898817062
0.7667540873835166,0.8042328042328042,0.12459493428468704
0.7667540873835166,0.8047138047138047,0.12459325790405273
0.7673120919591541,0.8047138047138047,0.12458249926567078
0.7673120919591541,0.8051948051948052,0.12458065897226334
0.7681490988226104,0.8051948051948052,0.12456566840410233
0.7681490988226104,0.8061568061568062,0.12456464767456055
0.7693209084314492,0.8061568061568062,0.12453357875347137
0.7693209084314492,0.8066378066378066,0.12453281134366989
0.7695441102617041,0.8066378066378066,0.12452887743711472
0.7695441102617041,0.8071188071188071,0.12452869862318039
0.7701579152949054,0.8071188071188071,0.12450909614562988
0.7701579152949054,0.8075998075998077,0.12450878322124481
0.7702137157524692,0.8075998075998077,0.12450752407312393
0.7702137157524692,0.8080808080808081,0.12450705468654633
0.770492718040288,0.8080808080808081,0.12450507283210754
0.770492718040288,0.8085618085618086,0.1245037391781807
0.771385525361308,0.8085618085618086,0.12448737770318985
0.771385525361308,0.809042809042809,0.12448731809854507
0.7716087271915629,0.809042809042809,0.12448294460773468
0.7716087271915629,0.8095238095238095,0.12447521835565567
0.771831929021818,0.8095238095238095,0.12447258830070496
0.771831929021818,0.81000481000481,0.12447255849838257
0.7719435299369455,0.81000481000481,0.12447180598974228
0.772055130852073,0.81000481000481,0.12447173148393631
0.772055130852073,0.8104858104858105,0.12447111308574677
0.7725573349701468,0.8104858104858105,0.12446162849664688
0.7725573349701468,0.810966810966811,0.12446127086877823
0.7736733441214217,0.810966810966811,0.1244397684931755
0.7737849450365493,0.810966810966811,0.12443822622299194
0.7746777523575693,0.810966810966811,0.12441250681877136
0.7746777523575693,0.8124098124098124,0.12441038340330124
0.7754589587634618,0.8124098124098124,0.12439771741628647
0.7754589587634618,0.8128908128908129,0.12439736723899841
0.7755147592210256,0.8128908128908129,0.12439724802970886
0.7755147592210256,0.8133718133718134,0.12439532577991486
0.7761843647117906,0.8133718133718134,0.12437213212251663
0.7761843647117906,0.8138528138528138,0.12437143921852112
0.7764633669996094,0.8138528138528138,0.12436342984437943
0.7764633669996094,0.8143338143338144,0.12436158955097198
0.7767423692874281,0.8143338143338144,0.12435401976108551
0.7767423692874281,0.8152958152958153,0.12435055524110794
0.7778583784387032,0.8152958152958153,0.12432654201984406
0.7778583784387032,0.8162578162578162,0.12432605028152466
0.7784163830143407,0.8162578162578162,0.12431518733501434
0.7784163830143407,0.8167388167388168,0.12431393563747406
0.778806986217287,0.8167388167388168,0.12430493533611298
0.778806986217287,0.8172198172198172,0.1243043839931488
0.779030188047542,0.8172198172198172,0.12430296093225479
0.779030188047542,0.8177008177008177,0.12430039048194885
0.7796439930807433,0.8177008177008177,0.12429114431142807
0.7796439930807433,0.8181818181818182,0.12429007887840271
0.7797555939958708,0.8181818181818182,0.12428909540176392
0.7797555939958708,0.8186628186628186,0.12428881227970123
0.7800903967412532,0.8186628186628186,0.12428026646375656
0.7800903967412532,0.8191438191438192,0.12427766621112823
0.7801461971988171,0.8191438191438192,0.12427691370248795
0.7801461971988171,0.8196248196248196,0.12427455186843872
0.7807042017744545,0.8196248196248196,0.12426302582025528
0.7807042017744545,0.8201058201058201,0.12425883859395981
0.7808716031471458,0.8201058201058201,0.12425488233566284
0.7808716031471458,0.8205868205868206,0.12425064295530319
0.7813738072652195,0.8205868205868206,0.12424024939537048
0.7814296077227834,0.8210678210678211,0.12423886358737946
0.7814296077227834,0.8215488215488216,0.1242385059595108
0.7815412086379109,0.8215488215488216,0.12423712760210037
0.7815412086379109,0.822029822029822,0.12423637509346008
0.7851682383795547,0.822029822029822,0.12415848672389984
0.7852798392946823,0.822029822029822,0.12415648251771927
0.7853914402098097,0.822029822029822,0.12415546923875809
0.7853914402098097,0.8229918229918229,0.12415488064289093
0.7859494447854473,0.8229918229918229,0.12414610385894775
0.7859494447854473,0.8234728234728235,0.12414147704839706
0.7867864516489035,0.8234728234728235,0.12412341684103012
0.786898052564031,0.8234728234728235,0.12412329763174057
0.7891300708665812,0.8234728234728235,0.12407174706459045
0.7891300708665812,0.8244348244348244,0.1240682378411293
0.7893532726968361,0.8244348244348244,0.12406490743160248
0.7893532726968361,0.8249158249158249,0.12406332045793533
0.7899670777300374,0.8249158249158249,0.1240549236536026
0.7899670777300374,0.8258778258778259,0.12405486404895782
0.7906366832208024,0.8258778258778259,0.1240369901061058
0.7906366832208024,0.8263588263588264,0.12403137236833572
0.7906924836783662,0.8263588263588264,0.12403038889169693
0.7906924836783662,0.8268398268398268,0.12402936816215515
0.7908040845934937,0.8268398268398268,0.12402933835983276
0.7910830868813125,0.8268398268398268,0.12402637302875519
0.7910830868813125,0.8273208273208273,0.12402375787496567
0.7915294905418224,0.8273208273208273,0.1240176409482956
0.7915294905418224,0.8278018278018278,0.1240164265036583
0.7915852909993862,0.8278018278018278,0.12401513755321503
0.7915852909993862,0.8282828282828283,0.12401410937309265
0.7919758942023325,0.8282828282828283,0.12400326877832413
0.7919758942023325,0.8287638287638288,0.12400305271148682
0.7922548964901512,0.8287638287638288,0.12399815022945404
0.7922548964901512,0.8292448292448292,0.12399712949991226
0.7924222978628425,0.8292448292448292,0.12399595230817795
0.7924222978628425,0.8302068302068302,0.12399346381425858
0.792757100608225,0.8302068302068302,0.12399111688137054
0.792757100608225,0.8306878306878307,0.12398749589920044
0.7931477038111713,0.8306878306878307,0.1239761933684349
0.7931477038111713,0.8311688311688312,0.12397584319114685
0.79342670609899,0.8311688311688312,0.12397139519453049
0.79342670609899,0.8316498316498316,0.12397120893001556
0.7934825065565537,0.8316498316498316,0.1239711195230484
0.7934825065565537,0.8321308321308322,0.12397094070911407
0.7942637129624462,0.8321308321308322,0.12395816296339035
0.7942637129624462,0.8330928330928331,0.12395773828029633
0.7949333184532114,0.8330928330928331,0.1239401251077652
0.7949333184532114,0.8335738335738335,0.1239376813173294
0.7954355225712851,0.8335738335738335,0.1239285096526146
0.7954355225712851,0.834054834054834,0.12392815947532654
0.7968305340103788,0.834054834054834,0.12390557676553726
0.7968305340103788,0.8345358345358346,0.1239047572016716
0.7969421349255064,0.8345358345358346,0.12389913946390152
0.7969421349255064,0.835016835016835,0.12389888614416122
0.7981139445343451,0.835016835016835,0.12387557327747345
0.7981139445343451,0.8354978354978355,0.12387457489967346
0.7982813459070365,0.8354978354978355,0.12387286871671677
0.7982813459070365,0.8364598364598365,0.12386991083621979
0.8002901623793315,0.8364598364598365,0.12382838129997253
0.8002901623793315,0.836940836940837,0.12382429838180542
0.8003459628368953,0.836940836940837,0.12382326275110245
0.8003459628368953,0.8374218374218374,0.1238226592540741
0.800624965124714,0.8374218374218374,0.12381814420223236
0.800624965124714,0.8379028379028379,0.12381760030984879
0.8006807655822777,0.8379028379028379,0.12381675839424133
0.8006807655822777,0.8383838383838383,0.12381399422883987
0.8009597678700965,0.8383838383838383,0.12381022423505783
0.8009597678700965,0.8388648388648389,0.12380998581647873
0.8011271692427878,0.8388648388648389,0.12380940467119217
0.8011271692427878,0.8393458393458394,0.1238078847527504
0.8015735729032978,0.8393458393458394,0.12379785627126694
0.8016293733608616,0.8398268398268398,0.12379776686429977
0.8022989788516266,0.8398268398268398,0.12378615140914917
0.8022989788516266,0.8403078403078403,0.12378297746181488
0.8028011829697004,0.8403078403078403,0.12377063184976578
0.8029127838848279,0.8403078403078403,0.12376990169286728
0.8037497907482841,0.8403078403078403,0.1237412616610527
0.8037497907482841,0.8412698412698413,0.12373857200145721
0.8044751966966129,0.8412698412698413,0.12372320890426636
0.8044751966966129,0.8417508417508418,0.12372306734323502
0.8052564031025055,0.8417508417508418,0.12370312958955765
0.8052564031025055,0.8422318422318422,0.12370306998491287
0.8054238044751967,0.8422318422318422,0.12369676679372787
0.8054238044751967,0.8427128427128427,0.12369617074728012
0.8055354053903242,0.8427128427128427,0.12369422614574432
0.8055354053903242,0.8431938431938432,0.12369329482316971
0.8070978182021092,0.8431938431938432,0.12365809082984924
0.8070978182021092,0.8436748436748437,0.1236577033996582
0.8072094191172368,0.8436748436748437,0.12365548312664032
0.8072094191172368,0.8441558441558441,0.12365510314702988
0.8072652195748005,0.8441558441558441,0.12365469336509705
0.8072652195748005,0.8451178451178452,0.1236523911356926
0.8074326209474918,0.8451178451178452,0.12364450097084045
0.8074326209474918,0.8455988455988456,0.1236434131860733
0.8075442218626193,0.8455988455988456,0.12364282459020615
0.8075442218626193,0.8460798460798461,0.12364274263381958
0.8076558227777467,0.8460798460798461,0.1236412525177002
0.8084928296412031,0.8460798460798461,0.1236286461353302
0.8084928296412031,0.8465608465608465,0.1236274316906929
0.8097762401651694,0.8465608465608465,0.12360174208879471
0.8097762401651694,0.847041847041847,0.12360123544931412
0.8103342447408068,0.847041847041847,0.12358582019805908
0.8103342447408068,0.848003848003848,0.12358400225639343
0.8106132470286256,0.848003848003848,0.12358005344867706
0.8106132470286256,0.8484848484848485,0.12357865273952484
0.8110038502315718,0.8484848484848485,0.12357178330421448
0.8110038502315718,0.8489658489658489,0.12357140332460403
0.8124546621282295,0.8489658489658489,0.12353713065385818
0.8124546621282295,0.8494468494468495,0.12353525310754776
0.813235868534122,0.8494468494468495,0.1235208585858345
0.813235868534122,0.84992784992785,0.12351992726325989
0.8136264717370683,0.84992784992785,0.1235092505812645
0.8136264717370683,0.8504088504088504,0.12350822985172272
0.813905474024887,0.8504088504088504,0.12350448220968246
0.813905474024887,0.8508898508898509,0.12350299209356308
0.8140728753975782,0.8508898508898509,0.1235014796257019
0.8140728753975782,0.8513708513708513,0.12350086867809296
0.8155794877517996,0.8513708513708513,0.12346844375133514
0.8155794877517996,0.8518518518518519,0.12346801906824112
0.8158026895820546,0.8518518518518519,0.12346181273460388
0.8158026895820546,0.8523328523328524,0.12346149235963821
0.8158584900396183,0.8523328523328524,0.12346035987138748
0.8158584900396183,0.8528138528138528,0.12346024066209793
0.8164164946152559,0.8528138528138528,0.12344745546579361
0.8165280955303833,0.8528138528138528,0.12344687432050705
0.8170861001060209,0.8528138528138528,0.12342681735754013
0.8170861001060209,0.8532948532948533,0.12342626601457596
0.8173651023938396,0.8532948532948533,0.12342465668916702
0.8173651023938396,0.8537758537758537,0.1234240010380745
0.8176999051392222,0.8537758537758537,0.12342147529125214
0.8176999051392222,0.8542568542568543,0.1234184205532074
0.8182021092572959,0.8542568542568543,0.12340671569108963
0.8182021092572959,0.8547378547378547,0.12340416014194489
0.8184811115451147,0.8547378547378547,0.123400017619133
0.8184811115451147,0.8552188552188552,0.12339989095926285
0.8194297193236985,0.8552188552188552,0.12338711321353912
0.8194297193236985,0.8556998556998557,0.12338641285896301
0.8198761229842084,0.8556998556998557,0.12337825447320938
0.8198761229842084,0.8561808561808562,0.12337812781333923
0.820210925729591,0.8561808561808562,0.12337442487478256
0.820210925729591,0.8566618566618567,0.12337423115968704
0.8207689303052285,0.8566618566618567,0.1233668327331543
0.8207689303052285,0.8571428571428571,0.12336403131484985
0.8209921321354835,0.8571428571428571,0.12335918098688126
0.8209921321354835,0.8576238576238576,0.12335631251335144
0.8212153339657385,0.8576238576238576,0.12335359305143356
0.8212153339657385,0.8581048581048581,0.12335147708654404
0.8238379554712348,0.8581048581048581,0.12329768389463425
0.8238379554712348,0.8585858585858586,0.12329747527837753
0.8262373751464762,0.8585858585858586,0.1232399195432663
0.8262373751464762,0.8590668590668591,0.12323884665966034
0.8262931756040399,0.8590668590668591,0.12323858588933945
0.8262931756040399,0.8595478595478595,0.12323281913995743
0.8273533842977513,0.8595478595478595,0.12320703268051147
0.8273533842977513,0.86002886002886,0.1232062354683876
0.8275765861280062,0.86002886002886,0.12320356070995331
0.8275765861280062,0.8605098605098606,0.12319610267877579
0.8277997879582613,0.8605098605098606,0.12319072335958481
0.8277997879582613,0.860990860990861,0.12318933010101318
0.8281345907036438,0.860990860990861,0.12318255752325058
0.8281345907036438,0.8614718614718615,0.12318171560764313
0.8285251939065901,0.8614718614718615,0.12317043542861938
0.8285251939065901,0.8619528619528619,0.12316739559173584
0.8293064003124826,0.8619528619528619,0.12315104901790619
0.8293064003124826,0.8624338624338624,0.12315084785223007
0.8296970035154289,0.8624338624338624,0.12314438074827194
0.8296970035154289,0.862914862914863,0.12314419448375702
0.8320964231906701,0.862914862914863,0.12309636920690536
0.8320964231906701,0.8633958633958634,0.1230955645442009
0.8327660286814352,0.8633958633958634,0.12307345867156982
0.8327660286814352,0.8638768638768639,0.12307272106409073
0.833714636460019,0.8638768638768639,0.12304257601499557
0.833714636460019,0.8648388648388649,0.12304229289293289
0.8342726410356565,0.8648388648388649,0.12302909791469574
0.8342726410356565,0.8653198653198653,0.12302820384502411
0.834607443781039,0.8653198653198653,0.12302221357822418
0.834607443781039,0.8658008658008658,0.12302207946777344
0.8347190446961665,0.8658008658008658,0.12302093952894211
0.8347190446961665,0.8662818662818663,0.12301997095346451
0.8351654483566765,0.8662818662818663,0.12301265448331833
0.8351654483566765,0.8667628667628667,0.12301183491945267
0.8356676524747503,0.8667628667628667,0.12299054861068726
0.8356676524747503,0.8672438672438673,0.12299013137817383
0.8357792533898778,0.8672438672438673,0.1229875385761261
0.8357792533898778,0.8677248677248677,0.12298589199781418
0.8361698565928241,0.8677248677248677,0.12297570705413818
0.8361698565928241,0.8682058682058682,0.12297522276639938
0.8366162602533341,0.8682058682058682,0.12296482175588608
0.8366162602533341,0.8686868686868687,0.12296352535486221
0.8366720607108978,0.8686868686868687,0.12296226620674133
0.8366720607108978,0.8691678691678691,0.12296073883771896
0.8373416662016628,0.8691678691678691,0.12294047325849533
0.8374532671167904,0.8691678691678691,0.12294035404920578
0.8378438703197366,0.8691678691678691,0.12293549627065659
0.8378438703197366,0.8701298701298701,0.12293114513158798
0.8378996707773003,0.8701298701298701,0.12293006479740143
0.8378996707773003,0.8706108706108706,0.12292759865522385
0.8379554712348641,0.8706108706108706,0.12292715162038803
0.8379554712348641,0.8710918710918711,0.12292680889368057
0.8381786730651192,0.8710918710918711,0.12292193621397018
0.8381786730651192,0.8715728715728716,0.12292065471410751
0.8395178840466492,0.8715728715728716,0.122882179915905
0.8396294849617767,0.8715728715728716,0.1228729635477066
0.8396852854193404,0.8715728715728716,0.12287279218435287
0.8396852854193404,0.8720538720538721,0.12286899238824844
0.8399642877071593,0.8720538720538721,0.12285728752613068
0.8399642877071593,0.8725348725348725,0.12285718321800232
0.8400758886222867,0.8725348725348725,0.12285416573286057
0.8400758886222867,0.873015873015873,0.12285256385803223
0.8405780927403604,0.873015873015873,0.12284015864133835
0.8405780927403604,0.8734968734968735,0.12283866107463837
0.8409686959433067,0.8734968734968735,0.12283294647932053
0.8409686959433067,0.873977873977874,0.12283022701740265
0.8410244964008705,0.873977873977874,0.12283004075288773
0.8410244964008705,0.8744588744588745,0.12282861769199371
0.8410802968584342,0.8744588744588745,0.12282506376504898
0.8410802968584342,0.8749398749398749,0.12282463163137436
0.841805702806763,0.8749398749398749,0.12280373275279999
0.8419173037218906,0.8749398749398749,0.12280351668596268
0.8435355169912393,0.8749398749398749,0.12277186661958694
0.8435355169912393,0.8754208754208754,0.12277007102966309
0.8435913174488031,0.8754208754208754,0.12276995927095413
0.8435913174488031,0.8759018759018758,0.12276966869831085
0.8439261201941856,0.8759018759018758,0.12275663763284683
0.8439261201941856,0.8763828763828764,0.1227559745311737
0.8442609229395681,0.8763828763828764,0.12275181710720062
0.8442609229395681,0.8768638768638769,0.12275179475545883
0.8444841247698232,0.8768638768638769,0.12275084108114243
0.8444841247698232,0.8773448773448773,0.12275052815675735
0.8464371407845545,0.8773448773448773,0.12270240485668182
0.8464371407845545,0.8778258778258778,0.12270181626081467
0.8464929412421182,0.8783068783068783,0.12270176410675049
0.8469393449026282,0.8783068783068783,0.12269482761621475
0.8469393449026282,0.8787878787878788,0.12269330769777298
0.8472741476480107,0.8787878787878788,0.12268609553575516
0.8472741476480107,0.8792688792688793,0.12268607318401337
0.8477205513085208,0.8792688792688793,0.12267608195543289
0.8478321522236483,0.8792688792688793,0.1226746141910553
0.8484459572568495,0.8792688792688793,0.12265828251838684
0.848557558171977,0.8792688792688793,0.12265796959400177
0.848557558171977,0.8797498797498797,0.12265656143426895
0.8486691590871045,0.8797498797498797,0.12265507131814957
0.8487249595446683,0.8802308802308803,0.1226540356874466
0.8519613860833659,0.8802308802308803,0.12256969511508942
0.8519613860833659,0.8811928811928812,0.1225644201040268
0.8522961888287484,0.8811928811928812,0.12256145477294922
0.8522961888287484,0.8816738816738817,0.12255914509296417
0.8533005970648959,0.8816738816738817,0.12253796309232712
0.8533005970648959,0.8821548821548821,0.12253665924072266
0.8538028011829697,0.8821548821548821,0.12251885235309601
0.8538028011829697,0.8826358826358827,0.12251638621091843
0.8541376039283523,0.8826358826358827,0.12251262366771698
0.8541376039283523,0.8831168831168831,0.1225118488073349
0.854863009876681,0.8831168831168831,0.12250163406133652
0.854863009876681,0.8835978835978836,0.12250017374753952
0.8551978126220635,0.8835978835978836,0.12249307334423065
0.8551978126220635,0.8840788840788841,0.12249215692281723
0.8554768149098823,0.8840788840788841,0.12248726934194565
0.8554768149098823,0.8845598845598845,0.12248654663562775
0.855532615367446,0.8845598845598845,0.12248576432466507
0.855532615367446,0.8850408850408851,0.12248295545578003
0.855755817197701,0.8850408850408851,0.12247693538665771
0.855755817197701,0.8855218855218855,0.12247690558433533
0.8561464204006473,0.8855218855218855,0.12247007340192795
0.8561464204006473,0.886002886002886,0.12246979773044586
0.8572624295519223,0.886002886002886,0.12244875729084015
0.8573740304670499,0.886002886002886,0.12244755774736404
0.8577646336699961,0.886002886002886,0.12243906408548355
0.8577646336699961,0.8864838864838864,0.12243220210075378
0.8578204341275598,0.8864838864838864,0.1224265992641449
0.8578204341275598,0.8874458874458875,0.12242205440998077
0.8580994364153786,0.8874458874458875,0.12242057174444199
0.8580994364153786,0.8879268879268879,0.1224193423986435
0.8581552368729424,0.8879268879268879,0.12241842597723007
0.8581552368729424,0.8884078884078884,0.1224178820848465
0.8596618492271637,0.8884078884078884,0.12237770855426788
0.8596618492271637,0.8888888888888888,0.12237702310085297
0.8603314547179287,0.8888888888888888,0.12236399948596954
0.8603314547179287,0.8893698893698894,0.12236012518405914
0.8606662574633112,0.8893698893698894,0.12235197424888611
0.8606662574633112,0.8898508898508899,0.12235148996114731
0.86139166341164,0.8898508898508899,0.12232987582683563
0.86139166341164,0.8903318903318903,0.12232562899589539
0.8633446794263713,0.8903318903318903,0.12228984385728836
0.8633446794263713,0.8908128908128908,0.12228845059871674
0.8635678812566263,0.8908128908128908,0.12228497117757797
0.8635678812566263,0.8912938912938912,0.12228447198867798
0.86362368171419,0.8912938912938912,0.12228183448314667
0.86362368171419,0.8917748917748918,0.12227986007928848
0.8645164890352101,0.8917748917748918,0.12225568294525146
0.8645164890352101,0.8922558922558923,0.1222531646490097
0.8652976954411026,0.8922558922558923,0.12223105877637863
0.8652976954411026,0.8927368927368927,0.12222979217767715
0.8655208972713576,0.8927368927368927,0.12222248315811157
0.8656324981864851,0.8927368927368927,0.12221992015838623
0.8661905027621226,0.8927368927368927,0.1222057044506073
0.8661905027621226,0.8932178932178932,0.12220510095357895
0.8664137045923777,0.8932178932178932,0.12219484895467758
0.8664137045923777,0.8936988936988937,0.12219399213790894
0.8668043077953239,0.8936988936988937,0.12218103557825089
0.8668043077953239,0.8941798941798942,0.12218092381954193
0.8669717091680151,0.8941798941798942,0.12217950075864792
0.8669717091680151,0.8951418951418951,0.12217756360769272
0.867027509625579,0.8951418951418951,0.12217704951763153
0.867027509625579,0.8956228956228957,0.1221756562590599
0.8678087160314715,0.8956228956228957,0.12216190993785858
0.8678087160314715,0.8961038961038961,0.12216038256883621
0.8686457228949277,0.8961038961038961,0.12213294953107834
0.8686457228949277,0.8965848965848966,0.12213197350502014
0.8687015233524915,0.8965848965848966,0.12212450057268143
0.8687015233524915,0.897065897065897,0.12212224304676056
0.8691479270130015,0.897065897065897,0.12211119383573532
0.8691479270130015,0.8975468975468975,0.12210901826620102
0.869259527928129,0.8975468975468975,0.12210720777511597
0.869259527928129,0.8980278980278981,0.1221066564321518
0.869482729758384,0.8980278980278981,0.12210378050804138
0.869482729758384,0.8985088985088985,0.1221032440662384
0.8715473466882429,0.8985088985088985,0.12203031778335571
0.8715473466882429,0.898989898989899,0.12202905118465424
0.8719937503487528,0.898989898989899,0.12201503664255142
0.8719937503487528,0.8994708994708994,0.12201350182294846
0.8722727526365717,0.8994708994708994,0.1220012977719307
0.8722727526365717,0.9004329004329005,0.1219991073012352
0.8730539590424642,0.9004329004329005,0.12198156863451004
0.8730539590424642,0.9009139009139009,0.1219811961054802
0.8732213604151554,0.9009139009139009,0.12197790294885635
0.8732213604151554,0.9013949013949014,0.12197531014680862
0.874895374142068,0.9013949013949014,0.12192346900701523
0.874895374142068,0.9018759018759018,0.12192040681838989
0.8749511745996317,0.9018759018759018,0.12191984057426453
0.8749511745996317,0.9028379028379029,0.12191691249608994
0.8752859773450142,0.9028379028379029,0.12191033363342285
0.8752859773450142,0.9033189033189033,0.1219068318605423
0.8757323810055242,0.9033189033189033,0.12188421189785004
0.8757323810055242,0.9037999037999038,0.12188408523797989
0.8765135874114168,0.9037999037999038,0.1218639463186264
0.8765135874114168,0.9042809042809042,0.12186282873153687
0.8774063947324368,0.9042809042809042,0.12183815985918045
0.8774063947324368,0.9047619047619048,0.12183710187673569
0.8775737961051281,0.9047619047619048,0.12183057516813278
0.8776295965626918,0.9052429052429053,0.12182730436325073
0.8778527983929468,0.9052429052429053,0.12182264775037766
0.8778527983929468,0.9057239057239057,0.12182193994522095
0.8782992020534568,0.9057239057239057,0.12181013822555542
0.8782992020534568,0.9062049062049062,0.12180750072002411
0.8784666034261481,0.9062049062049062,0.12180362641811371
0.8785782043412756,0.9062049062049062,0.12180308997631073
0.8786340047988394,0.9062049062049062,0.12180299311876297
0.8786898052564031,0.9066859066859067,0.12180019170045853
0.8793594107471682,0.9066859066859067,0.12177728861570358
0.8793594107471682,0.9076479076479076,0.12176710367202759
0.8806428212711345,0.9076479076479076,0.1217314824461937
0.8806428212711345,0.9081289081289081,0.12173128128051758
0.8809776240165169,0.9081289081289081,0.12172368168830872
0.8809776240165169,0.9086099086099086,0.12172143906354904
0.8811450253892081,0.9086099086099086,0.12171372026205063
0.8812566263043357,0.9086099086099086,0.12171311676502228
0.8819820322526645,0.9086099086099086,0.1216975748538971
0.8819820322526645,0.9090909090909091,0.12169699370861053
0.8846046537581608,0.9090909090909091,0.12160828709602356
0.8846046537581608,0.9095719095719096,0.12160806357860565
0.8858322638245634,0.9095719095719096,0.12156585603952408
0.8858322638245634,0.91005291005291,0.12156524509191513
0.8864460688577647,0.91005291005291,0.12154412269592285
0.8864460688577647,0.9105339105339105,0.12154091149568558
0.8867808716031471,0.9105339105339105,0.12153611332178116
0.8867808716031471,0.9114959114959115,0.12153289467096329
0.8879526812119859,0.9114959114959115,0.12149731069803238
0.8879526812119859,0.911976911976912,0.12149714678525925
0.8882316834998047,0.911976911976912,0.1214909479022026
0.8882316834998047,0.9124579124579124,0.12148978561162949
0.888399084872496,0.9124579124579124,0.12148367613554001
0.888399084872496,0.9129389129389129,0.12148244678974152
0.8889012889905697,0.9129389129389129,0.12146664410829544
0.8889012889905697,0.9134199134199135,0.12146483361721039
0.8893476926510797,0.9134199134199135,0.12145005911588669
0.8893476926510797,0.9139009139009139,0.1214476004242897
0.8894034931086435,0.9139009139009139,0.12144724279642105
0.8894592935662072,0.9143819143819144,0.12144353240728378
0.8896266949388985,0.9143819143819144,0.12144114077091217
0.8896266949388985,0.9148629148629148,0.12143407762050629
0.890631103175046,0.9148629148629148,0.12140092998743057
0.890631103175046,0.9153439153439153,0.1214003935456276
0.8907427040901735,0.9153439153439153,0.1213972195982933
0.8907427040901735,0.9158249158249159,0.12139401584863663
0.8911333072931198,0.9158249158249159,0.12137917429208755
0.8911333072931198,0.9163059163059163,0.12137909233570099
0.8914123095809385,0.9163059163059163,0.12136565893888474
0.8914123095809385,0.9167869167869168,0.12136464565992355
0.8924167178170861,0.9167869167869168,0.12132659554481506
0.8924167178170861,0.9172679172679172,0.12132631242275238
0.8934769265107974,0.9172679172679172,0.12130209058523178
0.8934769265107974,0.9177489177489178,0.12129926681518555
0.8937001283410524,0.9177489177489178,0.12129534035921097
0.8937001283410524,0.9182299182299183,0.12129393219947815
0.8937559287986161,0.9182299182299183,0.12129350006580353
0.8937559287986161,0.9187109187109187,0.1212925985455513
0.8939791306288711,0.9187109187109187,0.12128833681344986
0.8939791306288711,0.9191919191919192,0.12128785997629166
0.8953183416104012,0.9191919191919192,0.12125790119171143
0.8953183416104012,0.9196729196729196,0.12125575542449951
0.8956531443557837,0.9196729196729196,0.12124945968389511
0.8956531443557837,0.9201539201539202,0.12124878913164139
0.8964343507616762,0.9201539201539202,0.12123395502567291
0.8964343507616762,0.9206349206349206,0.12123148888349533
0.8974387589978238,0.9206349206349206,0.12120721489191055
0.8974387589978238,0.9211159211159211,0.1212066039443016
0.8975503599129513,0.9211159211159211,0.12120562046766281
0.8983873667764075,0.9211159211159211,0.12117892503738403
0.8983873667764075,0.9215969215969216,0.12117690593004227
0.8985547681490988,0.9215969215969216,0.121170774102211
0.8986663690642264,0.9215969215969216,0.12116903811693192
0.8993359745549914,0.9215969215969216,0.12116266787052155
0.8993359745549914,0.922077922077922,0.12116125226020813
0.8997265777579376,0.922077922077922,0.12114500254392624
0.8997265777579376,0.9225589225589226,0.12114215642213821
0.9007867864516489,0.9225589225589226,0.12110961228609085
0.9007867864516489,0.9235209235209235,0.12110796570777893
0.9025166006361253,0.9235209235209235,0.12104256451129913
0.9025166006361253,0.924001924001924,0.12104197591543198
0.9038000111600916,0.924001924001924,0.12099295109510422
0.9038000111600916,0.9244829244829245,0.12098583579063416
0.9051392221416216,0.9244829244829245,0.1209426298737526
0.9051392221416216,0.924963924963925,0.12093989551067352
0.9055856258021315,0.924963924963925,0.1209251657128334
0.905697226717259,0.924963924963925,0.12092399597167969
0.9061994308353328,0.924963924963925,0.12090791016817093
0.9061994308353328,0.9254449254449254,0.12090633064508438
0.9068690363260978,0.9254449254449254,0.12088662385940552
0.9068690363260978,0.9259259259259259,0.12088566273450851
0.9071480386139167,0.9259259259259259,0.12087554484605789
0.9071480386139167,0.9264069264069265,0.12087501585483551
0.9076502427319904,0.9264069264069265,0.12085834890604019
0.9076502427319904,0.9268879268879269,0.12085160613059998
0.9077060431895542,0.9268879268879269,0.12084979563951492
0.9077060431895542,0.9273689273689274,0.1208484098315239
0.9091568550862117,0.9273689273689274,0.12079542130231857
0.9091568550862117,0.9278499278499278,0.12079352885484695
0.909770660119413,0.9278499278499278,0.12077238410711288
0.909770660119413,0.9283309283309283,0.12077214568853378
0.9101054628647955,0.9283309283309283,0.12075844407081604
0.9101054628647955,0.9288119288119289,0.12075797468423843
0.9110540706433793,0.9288119288119289,0.12072619050741196
0.9110540706433793,0.9292929292929293,0.12072614580392838
0.911109871100943,0.9292929292929293,0.12072362750768661
0.911109871100943,0.9297739297739298,0.12072346359491348
0.9112214720160705,0.9297739297739298,0.12071455270051956
0.9112214720160705,0.9302549302549302,0.12071234732866287
0.912002678421963,0.9302549302549302,0.12068318575620651
0.912002678421963,0.9307359307359307,0.12068206071853638
0.9121700797946544,0.9307359307359307,0.12067867070436478
0.9121700797946544,0.9312169312169312,0.12067736685276031
0.912672283912728,0.9312169312169312,0.12065782397985458
0.912672283912728,0.9316979316979317,0.12065764516592026
0.9170247196027007,0.9316979316979317,0.12052572518587112
0.9170247196027007,0.9326599326599326,0.12052246183156967
0.9180849282964121,0.9326599326599326,0.12048500031232834
0.9180849282964121,0.9331409331409332,0.12048448622226715
0.9188103342447408,0.9331409331409332,0.1204492375254631
0.9189219351598683,0.9331409331409332,0.12044551223516464
0.9196473411081971,0.9331409331409332,0.12041930109262466
0.9196473411081971,0.9336219336219336,0.12041874974966049
0.9205959488867809,0.9336219336219336,0.12037767469882965
0.9205959488867809,0.9341029341029341,0.12037204205989838
0.9208191507170359,0.9341029341029341,0.12036684155464172
0.9208191507170359,0.936026936026936,0.12036066502332687
0.9212097539199822,0.936026936026936,0.12035029381513596
0.9212097539199822,0.9365079365079365,0.12034772336483002
0.9213771552926734,0.9365079365079365,0.12034554034471512
0.9213771552926734,0.936988936988937,0.12033835798501968
0.9217677584956196,0.936988936988937,0.12032667547464371
0.9217677584956196,0.9374699374699375,0.12032607197761536
0.9220467607834384,0.9374699374699375,0.12032248079776764
0.9220467607834384,0.937950937950938,0.12032058835029602
0.9227163662742035,0.937950937950938,0.12030372023582458
0.9227163662742035,0.9384319384319384,0.12029967457056046
0.9238881758830423,0.9384319384319384,0.12024667114019394
0.9238881758830423,0.9389129389129389,0.12024577707052231
0.9247809832040623,0.9389129389129389,0.1202157661318779
0.9247809832040623,0.9393939393939394,0.12021427601575851
0.9262875955582835,0.9393939393939394,0.12015754729509354
0.9262875955582835,0.9398749398749399,0.12015728652477264
0.9270688019641761,0.9398749398749399,0.1201244592666626
0.9270688019641761,0.9403559403559404,0.1201200783252716
0.9276826069973774,0.9403559403559404,0.12008137255907059
0.9276826069973774,0.9408369408369408,0.12007912993431091
0.9284638134032699,0.9408369408369408,0.12005098909139633
0.9284638134032699,0.9413179413179413,0.1200481429696083
0.9287986161486524,0.9413179413179413,0.12003136426210403
0.9287986161486524,0.9417989417989417,0.12002615630626678
0.9291334188940349,0.9417989417989417,0.12001097947359085
0.9291334188940349,0.9422799422799423,0.12000993639230728
0.9291892193515987,0.9422799422799423,0.12000663578510284
0.9291892193515987,0.9427609427609428,0.12000656872987747
0.9293566207242899,0.9427609427609428,0.12000254541635513
0.9293566207242899,0.9432419432419432,0.120002381503582
0.9297472239272362,0.9432419432419432,0.11998174339532852
0.9297472239272362,0.9437229437229437,0.11997316032648087
0.93024942804531,0.9437229437229437,0.11995433270931244
0.93024942804531,0.9442039442039442,0.11995219439268112
0.9314770381117126,0.9442039442039442,0.11989055573940277
0.9314770381117126,0.9446849446849447,0.11989017575979233
0.9317560403995313,0.9446849446849447,0.11987888067960739
0.9317560403995313,0.9451659451659452,0.11987671256065369
0.931811840857095,0.9451659451659452,0.11987556517124176
0.931811840857095,0.9456469456469456,0.11987484991550446
0.9322024440600413,0.9456469456469456,0.11986273527145386
0.9322582445176051,0.9461279461279462,0.11986146122217178
0.9328720495508063,0.9461279461279462,0.11984845995903015
0.9328720495508063,0.9466089466089466,0.11984419077634811
0.93337425366888,0.9466089466089466,0.119827039539814
0.93337425366888,0.9470899470899471,0.11982449144124985
0.9334858545840076,0.9470899470899471,0.11981420964002609
0.9334858545840076,0.9475709475709476,0.11981281638145447
0.9339322582445176,0.9475709475709476,0.11977976560592651
0.9339322582445176,0.9485329485329486,0.11977623403072357
0.9340438591596452,0.9485329485329486,0.11977327615022659
0.9340438591596452,0.949013949013949,0.11977040767669678
0.9368338820378327,0.949013949013949,0.11965729296207428
0.9368338820378327,0.9494949494949495,0.11965575069189072
0.9369454829529602,0.9494949494949495,0.1196545884013176
0.9369454829529602,0.94997594997595,0.11965294927358627
0.9370570838680877,0.94997594997595,0.11964340507984161
0.9370570838680877,0.9504569504569504,0.11964018642902374
0.9371128843256514,0.9504569504569504,0.11963613331317902
0.9371128843256514,0.950937950937951,0.11963419616222382
0.9371686847832152,0.950937950937951,0.11963176727294922
0.9371686847832152,0.9514189514189514,0.11963172256946564
0.937224485240779,0.9514189514189514,0.11962816119194031
0.937224485240779,0.9518999518999519,0.11962709575891495
0.9375034875285977,0.9518999518999519,0.11960707604885101
0.9375034875285977,0.9528619528619529,0.11960376054048538
0.9376150884437252,0.9528619528619529,0.11960019916296005
0.9377266893588527,0.9528619528619529,0.11959973722696304
0.938340494392054,0.9528619528619529,0.11956483870744705
0.938340494392054,0.9533429533429534,0.11956475675106049
0.9386752971374366,0.9533429533429534,0.11955522745847702
0.9386752971374366,0.9538239538239538,0.1195516437292099
0.9389542994252553,0.9538239538239538,0.11954306066036224
0.9390659003403828,0.9538239538239538,0.11953111737966537
0.939679705373584,0.9538239538239538,0.1195095106959343
0.939679705373584,0.9543049543049543,0.11950293928384781
0.9404051113219128,0.9543049543049543,0.11946064978837967
0.9404051113219128,0.9547859547859547,0.11945999413728714
0.9406283131521679,0.9547859547859547,0.11943399161100388
0.9406283131521679,0.9552669552669553,0.11943352967500687
0.9406841136097316,0.9552669552669553,0.11943146586418152
0.9406841136097316,0.9557479557479558,0.1194305345416069
0.9416885218458791,0.9557479557479558,0.1193724274635315
0.9416885218458791,0.9562289562289562,0.11937215924263
0.9421907259639529,0.9562289562289562,0.11934873461723328
0.9421907259639529,0.9567099567099567,0.11934471130371094
0.943753138775738,0.9567099567099567,0.11927463859319687
0.943753138775738,0.9571909571909571,0.11926403641700745
0.9441437419786842,0.9571909571909571,0.11925259232521057
0.9442553428938117,0.9571909571909571,0.11925141513347626
0.9460409575358518,0.9571909571909571,0.11913785338401794
0.9460409575358518,0.9576719576719577,0.1191367357969284
0.9463757602812343,0.9576719576719577,0.11912226676940918
0.9463757602812343,0.9581529581529582,0.11912021785974503
0.9471011662295631,0.9581529581529582,0.11909237504005432
0.9471011662295631,0.9586339586339586,0.1190890520811081
0.9479939735505831,0.9586339586339586,0.11904319375753403
0.9479939735505831,0.9591149591149591,0.11904248595237732
0.9488309804140393,0.9591149591149591,0.11898456513881683
0.9489425813291669,0.9591149591149591,0.11898446083068848
0.9493331845321131,0.9591149591149591,0.11895554512739182
0.9493331845321131,0.9600769600769601,0.11894529312849045
0.9520674069527371,0.9600769600769601,0.1188071221113205
0.9521790078678645,0.9600769600769601,0.11880311369895935
0.9522348083254283,0.9600769600769601,0.11879739165306091
0.9522348083254283,0.9605579605579606,0.11879634112119675
0.952513810613247,0.9605579605579606,0.11878785490989685
0.952513810613247,0.961038961038961,0.11878553777933121
0.9525696110708107,0.961038961038961,0.11877834796905518
0.9525696110708107,0.9615199615199616,0.11877652257680893
0.9532392165615758,0.9615199615199616,0.11874856799840927
0.9532392165615758,0.962000962000962,0.11874660849571228
0.9532950170191395,0.962000962000962,0.11874555796384811
0.9532950170191395,0.9624819624819625,0.11874101310968399
0.9536856202220858,0.9624819624819625,0.11872264742851257
0.9536856202220858,0.9629629629629629,0.11872146278619766
0.9542994252552871,0.9629629629629629,0.11869606375694275
0.9542994252552871,0.9634439634439634,0.11869420111179352
0.9544110261704146,0.9634439634439634,0.1186891570687294
0.9544110261704146,0.963924963924964,0.11868689954280853
0.9546900284582334,0.963924963924964,0.1186782494187355
0.9546900284582334,0.9644059644059644,0.11867763102054596
0.9551364321187433,0.9644059644059644,0.11865155398845673
0.9551364321187433,0.9648869648869649,0.11865078657865524
0.9551922325763071,0.9648869648869649,0.11865009367465973
0.9553038334914347,0.9648869648869649,0.1186489537358284
0.9559176385246358,0.9648869648869649,0.11860616505146027
0.9559176385246358,0.9658489658489658,0.11859463155269623
0.9559734389821997,0.9658489658489658,0.11859417706727982
0.9559734389821997,0.9668109668109668,0.11859285831451416
0.9562524412700184,0.9668109668109668,0.11857102811336517
0.9562524412700184,0.9672919672919673,0.11856596916913986
0.9564198426427096,0.9672919672919673,0.11855695396661758
0.9564198426427096,0.9682539682539683,0.1185513511300087
0.9568104458456559,0.9682539682539683,0.11852794885635376
0.9568104458456559,0.9687349687349688,0.11852695792913437
0.9571452485910384,0.9687349687349688,0.11850942671298981
0.9571452485910384,0.9692159692159692,0.11850441247224808
0.958372858657441,0.9692159692159692,0.11844602227210999
0.958372858657441,0.9696969696969697,0.11843957751989365
0.9592098655208973,0.9696969696969697,0.11838992685079575
0.9592098655208973,0.9701779701779701,0.11838230490684509
0.9599910719267898,0.9701779701779701,0.11832770705223083
0.9599910719267898,0.9706589706589707,0.1183212548494339
0.9619440879415211,0.9706589706589707,0.11817217618227005
0.9619440879415211,0.9711399711399712,0.11816525459289551
0.9623346911444673,0.9711399711399712,0.11812789738178253
0.9623346911444673,0.9716209716209716,0.11812606453895569
0.9628926957201049,0.9716209716209716,0.11810298264026642
0.9628926957201049,0.9721019721019721,0.11810259521007538
0.9633390993806149,0.9721019721019721,0.11807844042778015
0.9633390993806149,0.9730639730639731,0.11807293444871902
0.9633948998381787,0.9730639730639731,0.11807277798652649
0.9633948998381787,0.9735449735449735,0.11806220561265945
0.9641203057865074,0.9735449735449735,0.1180213987827301
0.9641203057865074,0.974025974025974,0.11802078783512115
0.964678310362145,0.974025974025974,0.11799167841672897
0.964678310362145,0.9745069745069745,0.11799114942550659
0.9654037163104737,0.9745069745069745,0.11795473843812943
0.9654037163104737,0.974987974987975,0.11794719099998474
0.9654595167680375,0.974987974987975,0.11794642359018326
0.9654595167680375,0.9754689754689755,0.11794628947973251
0.9658501199709838,0.9754689754689755,0.11790177971124649
0.9658501199709838,0.9759499759499759,0.11790065467357635
0.9670219295798226,0.9759499759499759,0.1178288608789444
0.9670219295798226,0.9764309764309764,0.11782277375459671
0.9671335304949501,0.9764309764309764,0.1178218424320221
0.9671893309525138,0.9764309764309764,0.11780863255262375
0.9671893309525138,0.976911976911977,0.11780694127082825
0.9693097483399364,0.976911976911977,0.11766137182712555
0.9693097483399364,0.9773929773929774,0.11765732616186142
0.9699793538307014,0.9773929773929774,0.1176070123910904
0.9699793538307014,0.9783549783549783,0.11760466545820236
0.970090954745829,0.9783549783549783,0.11759813129901886
0.970090954745829,0.9788359788359788,0.11759588122367859
0.9705373584063389,0.9788359788359788,0.1175493597984314
0.9705373584063389,0.9797979797979798,0.1175440326333046
0.9708721611517215,0.9797979797979798,0.1174999326467514
0.9708721611517215,0.9802789802789803,0.11749935895204544
0.972546174878634,0.9802789802789803,0.11733849346637726
0.972546174878634,0.9807599807599807,0.11733752489089966
0.9746107918084929,0.9807599807599807,0.11717671900987625
0.9746107918084929,0.9812409812409812,0.11716954410076141
0.9759500027900229,0.9812409812409812,0.11705204844474792
0.9759500027900229,0.9817219817219818,0.11705034971237183
0.9766196082807879,0.9817219817219818,0.11699584871530533
0.9766196082807879,0.9822029822029822,0.11699289828538895
0.9766754087383517,0.9822029822029822,0.11697963625192642
0.9766754087383517,0.9826839826839827,0.1169690191745758
0.9776798169744992,0.9826839826839827,0.11688151955604553
0.9776798169744992,0.9836459836459837,0.11685740947723389
0.9777914178896266,0.9836459836459837,0.11684640496969223
0.9777914178896266,0.9841269841269841,0.11684313416481018
0.9784610233803918,0.9841269841269841,0.1167709231376648
0.9784610233803918,0.9846079846079846,0.11676705628633499
0.9797444339043581,0.9846079846079846,0.11661943793296814
0.9797444339043581,0.9850889850889851,0.11660952121019363
0.9800234361921768,0.9850889850889851,0.11658582836389542
0.9800234361921768,0.9855699855699855,0.11657979339361191
0.9811394453434518,0.9855699855699855,0.116458460688591
0.9811394453434518,0.9865319865319865,0.11641014367341995
0.9813068467161431,0.9865319865319865,0.11639031767845154
0.9813068467161431,0.987012987012987,0.11637917160987854
0.9815858490039618,0.987012987012987,0.11636854708194733
0.9815858490039618,0.9874939874939875,0.11636126041412354
0.9818648512917806,0.9874939874939875,0.11632238328456879
0.9818648512917806,0.987974987974988,0.11632007360458374
0.9822554544947268,0.987974987974988,0.11628986895084381
0.9822554544947268,0.9884559884559885,0.11628125607967377
0.9825902572401094,0.9884559884559885,0.11623877286911011
0.9825902572401094,0.9889369889369889,0.11623691767454147
0.9838736677640757,0.9889369889369889,0.11603964120149612
0.9838736677640757,0.9894179894179894,0.11602479964494705
0.9853244796607332,0.9894179894179894,0.11587417125701904
0.9853244796607332,0.98989898989899,0.11586984992027283
0.9857708833212432,0.98989898989899,0.11581775546073914
0.9857708833212432,0.9913419913419913,0.11579862236976624
0.9866078901846995,0.9913419913419913,0.11569398641586304
0.9866078901846995,0.9918229918229918,0.1156843975186348
0.9874448970481557,0.9918229918229918,0.11557093262672424
0.9874448970481557,0.9927849927849928,0.11555753648281097
0.9875564979632833,0.9927849927849928,0.11554817855358124
0.9875564979632833,0.9932659932659933,0.1155371144413948
0.9888957089448134,0.9932659932659933,0.11538015305995941
0.9888957089448134,0.9937469937469937,0.11537539213895798
0.9889515094023771,0.9937469937469937,0.11536682397127151
0.9889515094023771,0.9942279942279942,0.1153612807393074
0.9897885162658334,0.9942279942279942,0.1151469498872757
0.9897885162658334,0.9947089947089947,0.11513307690620422
0.992132135483511,0.9947089947089947,0.11466000974178314
0.992132135483511,0.9951899951899952,0.1146572008728981
0.9929133418894035,0.9951899951899952,0.11446846276521683
0.9929133418894035,0.9956709956709957,0.11446601152420044
0.9943083533284973,0.9956709956709957,0.1140257716178894
0.9943083533284973,0.9961519961519961,0.1140226349234581
0.9948663579041348,0.9961519961519961,0.11382155120372772
0.9948663579041348,0.9966329966329966,0.11380121111869812
0.9952569611070811,0.9966329966329966,0.11363043636083603
0.9952569611070811,0.9971139971139971,0.11357411742210388
0.9964287707159198,0.9971139971139971,0.11290039867162704
0.9964287707159198,0.9975949975949976,0.11288751661777496
0.9977121812398861,0.9975949975949976,0.11213965713977814
0.9977121812398861,0.9980759980759981,0.11212281882762909
0.9982701858155237,0.9980759980759981,0.11192010343074799
0.9982701858155237,0.9985569985569985,0.11183231323957443
0.99866078901847,0.9985569985569985,0.11149562895298004
0.99866078901847,0.9990379990379991,0.11147748678922653
0.9988281903911612,0.9990379990379991,0.11115679889917374
0.9988281903911612,0.9995189995189995,0.11113395541906357
0.999776798169745,0.9995189995189995,0.10928938537836075
0.999776798169745,1.0,0.10922446101903915
1.0,1.0,0.10782481729984283
